time_ps,protein_CA_RMSD_A,ligand_heavy_RMSD_receptor_fit_A,ligand_site_center_distance_A,included_in_summary,site_contact_count,all_EGFR_contact_count,native_contact_fraction,retained_descriptive
2.0,1.1188821,1.8227856,0.9894368,False,13,13,0.9090909090909091,True
4.0,1.1639688,2.355097,1.378635,False,12,12,1.0,True
6.0,1.2095395,2.3366146,1.3280716,False,13,13,0.9090909090909091,True
8.0,1.2182724,2.3594415,1.2481747,False,11,11,0.8181818181818182,True
10.0,1.2146745,2.3831086,1.3094288,False,12,12,0.9090909090909091,True
12.0,1.3225514,2.4530432,1.4560194,False,14,14,1.0,True
14.0,1.3386371,2.4990025,1.6056154,False,12,12,0.9090909090909091,True
16.0,1.2552202,2.0477157,1.2004405,False,14,14,1.0,True
18.0,1.259929,2.4739778,1.6584383,False,13,13,1.0,True
20.0,1.3032296,2.2038753,1.6495668,False,15,15,1.0,True
22.0,1.324254,2.562511,1.534342,False,12,12,0.9090909090909091,True
24.0,1.3439999,2.418624,1.5041493,False,12,13,0.9090909090909091,True
26.0,1.3333261,2.4126804,1.6361243,False,14,14,1.0,True
28.0,1.3520879,2.18499,1.5592427,False,12,12,1.0,True
30.0,1.3266149,2.3201678,1.7956841,False,14,15,1.0,True
32.0,1.3492105,1.9873418,1.1003077,False,15,15,0.9090909090909091,True
34.0,1.3962691,2.1903148,1.2638388,False,15,15,1.0,True
36.0,1.4416537,2.1386697,1.258728,False,15,15,1.0,True
38.0,1.5027578,2.2138648,1.4587986,False,14,14,1.0,True
40.0,1.5203261,1.7671523,1.0482349,False,13,13,0.9090909090909091,True
42.0,1.4243209,2.285424,1.113323,False,14,15,0.9090909090909091,True
44.0,1.4738319,2.0703416,1.4150798,False,13,13,1.0,True
46.0,1.4932206,2.547649,1.3397205,False,15,15,1.0,True
48.0,1.4772313,2.3783708,1.3578091,False,15,15,1.0,True
50.0,1.4020779,2.3852942,1.421102,False,14,14,1.0,True
52.0,1.442991,2.4246635,1.5405251,False,14,14,1.0,True
54.0,1.4976974,2.2181976,1.4096868,False,14,14,1.0,True
56.0,1.4727805,2.210979,0.83408487,False,14,14,0.9090909090909091,True
58.0,1.4435093,1.888279,1.0475206,False,15,15,0.9090909090909091,True
60.0,1.4734399,1.7991318,0.9955734,False,14,14,0.9090909090909091,True
62.0,1.4649242,1.8922482,0.8569226,False,13,13,0.9090909090909091,True
64.0,1.5230248,1.8374596,1.1215408,False,14,14,0.9090909090909091,True
66.0,1.5399983,2.0311167,0.9737969,False,14,14,0.9090909090909091,True
68.0,1.510604,2.3821115,1.1485679,False,14,14,0.9090909090909091,True
70.0,1.4892126,2.3604124,1.24612,False,13,13,0.9090909090909091,True
72.0,1.5067374,2.25756,1.1021699,False,13,13,0.9090909090909091,True
74.0,1.5345247,2.341999,0.96446806,False,13,13,0.9090909090909091,True
76.0,1.5707252,2.2823362,0.97355425,False,13,13,0.9090909090909091,True
78.0,1.6105587,1.9353604,1.0266209,False,13,13,0.9090909090909091,True
80.0,1.6586127,2.2981205,1.0961744,False,14,14,0.9090909090909091,True
82.0,1.6018639,2.1372921,1.1146508,False,13,13,0.9090909090909091,True
84.0,1.6163182,1.8040634,1.2527002,False,13,13,0.9090909090909091,True
86.0,1.5801508,1.6917588,0.8378183,False,14,14,0.9090909090909091,True
88.0,1.584652,2.1235886,1.2439387,False,14,14,0.9090909090909091,True
90.0,1.6389766,1.6306685,0.8858986,False,13,13,0.9090909090909091,True
92.0,1.6557902,2.0575812,1.1013501,False,11,11,0.7272727272727273,True
94.0,1.6981332,2.2176554,1.2522354,False,13,13,0.9090909090909091,True
96.0,1.7181332,2.2016752,1.4147003,False,14,14,1.0,True
98.0,1.6999317,2.1715167,1.0696086,False,11,11,0.6363636363636364,True
100.0,1.6833534,2.2141569,1.1338012,False,15,15,1.0,True
102.0,1.7089261,2.1785572,0.8876426,False,13,13,0.8181818181818182,True
104.0,1.7064562,2.6538882,1.1676646,False,12,12,0.8181818181818182,True
106.0,1.7389451,2.484737,1.2141569,False,14,14,1.0,True
108.0,1.7341363,2.3915977,1.1616253,False,13,13,0.9090909090909091,True
110.0,1.7413394,2.4828143,1.3920052,False,14,14,1.0,True
112.0,1.8070168,2.1699772,1.2124097,False,13,13,0.9090909090909091,True
114.0,1.7847219,2.0963027,1.1966116,False,14,14,1.0,True
116.0,1.7773187,2.1182961,1.4855015,False,14,14,1.0,True
118.0,1.8734878,2.192625,1.4023376,False,13,13,0.9090909090909091,True
120.0,1.8758805,2.4464848,1.1844804,False,14,14,0.9090909090909091,True
122.0,1.9431633,2.6871898,1.3529032,False,12,12,0.8181818181818182,True
124.0,1.9622015,2.4068236,1.0196526,False,12,12,0.8181818181818182,True
126.0,1.9313098,2.6837227,1.3804175,False,11,11,0.8181818181818182,True
128.0,2.0108283,2.4276407,1.1940068,False,12,12,0.9090909090909091,True
130.0,2.017832,2.7891517,1.6013348,False,12,12,0.9090909090909091,True
132.0,2.1839035,2.36214,1.315605,False,12,12,1.0,True
134.0,2.150404,2.127685,1.3478595,False,11,11,0.8181818181818182,True
136.0,2.0671604,2.0217452,1.273273,False,13,13,1.0,True
138.0,2.1426513,2.078016,1.260563,False,12,12,0.9090909090909091,True
140.0,2.1371377,2.1938233,1.2470962,False,12,12,0.8181818181818182,True
142.0,2.2045062,2.6799912,1.6077962,False,11,11,0.8181818181818182,True
144.0,2.1278648,2.10588,1.8593004,False,12,12,0.8181818181818182,True
146.0,2.0962186,2.3253498,1.4441217,False,11,11,0.8181818181818182,True
148.0,2.0929735,1.9182339,1.0642484,False,11,11,0.8181818181818182,True
150.0,2.098115,2.6703236,1.343363,False,11,11,0.9090909090909091,True
152.0,2.1020596,2.4880342,1.42545,False,12,12,0.8181818181818182,True
154.0,2.098046,2.2648592,1.5821896,False,11,11,0.9090909090909091,True
156.0,2.0277066,2.3969784,1.4640496,False,12,12,0.9090909090909091,True
158.0,2.029376,2.5798573,1.5801687,False,12,12,0.9090909090909091,True
160.0,2.011837,1.8507361,1.403177,False,10,10,0.8181818181818182,True
162.0,2.0333915,2.0945983,1.1410604,False,12,12,0.9090909090909091,True
164.0,1.9850776,2.319562,1.3647228,False,12,12,0.9090909090909091,True
166.0,2.1490204,2.237502,1.4978976,False,12,12,0.9090909090909091,True
168.0,2.1488326,2.251969,1.5749476,False,10,10,0.9090909090909091,True
170.0,2.1404161,2.0099578,1.7136075,False,12,12,0.9090909090909091,True
172.0,2.0567284,2.0320263,1.5809853,False,12,12,0.9090909090909091,True
174.0,1.9928361,1.9951277,1.4289341,False,12,12,0.9090909090909091,True
176.0,1.9955354,2.2710147,1.7730889,False,12,12,0.9090909090909091,True
178.0,2.0817528,2.381605,1.7682122,False,11,11,0.8181818181818182,True
180.0,2.0430615,2.4775958,1.9226211,False,11,11,0.8181818181818182,True
182.0,2.0328014,2.5293362,1.9822857,False,12,12,0.9090909090909091,True
184.0,2.0898702,2.1079636,1.7937071,False,12,12,0.9090909090909091,True
186.0,2.0612366,2.560028,1.9489591,False,11,11,0.9090909090909091,True
188.0,2.0677292,2.2286239,1.7514931,False,12,12,0.9090909090909091,True
190.0,2.073858,2.4764717,1.8025361,False,11,11,0.8181818181818182,True
192.0,2.0854468,2.4435205,1.5826052,False,11,11,0.8181818181818182,True
194.0,2.1200197,2.493712,1.2997924,False,10,10,0.7272727272727273,True
196.0,2.0937448,2.2658901,1.6474433,False,12,12,0.9090909090909091,True
198.0,2.0882623,2.8208709,1.6588054,False,12,12,0.9090909090909091,True
200.0,1.97597,2.4769626,1.9009805,False,11,11,0.8181818181818182,True
202.0,1.9591941,2.6182806,1.5168202,True,13,13,0.9090909090909091,True
204.0,2.0218797,2.5377254,1.7114484,True,12,12,0.8181818181818182,True
206.0,2.0589497,2.9002252,1.913411,True,10,10,0.8181818181818182,True
208.0,2.0633276,2.2973483,1.4736797,True,12,12,0.9090909090909091,True
210.0,2.06298,2.5913634,1.7746472,True,13,13,0.8181818181818182,True
212.0,2.0185404,2.8209114,1.7287327,True,12,12,0.8181818181818182,True
214.0,1.9869103,2.348641,1.8826293,True,12,12,0.8181818181818182,True
216.0,1.9716415,2.4051561,1.7965822,True,12,12,0.8181818181818182,True
218.0,1.9880114,2.565947,1.6497351,True,10,10,0.7272727272727273,True
220.0,1.9794887,2.3567119,2.0989501,True,11,11,0.8181818181818182,True
222.0,1.9686292,2.2722487,1.5992646,True,11,11,0.8181818181818182,True
224.0,1.9652951,2.3000507,1.7661173,True,12,12,0.9090909090909091,True
226.0,1.920929,2.4085085,1.6843569,True,12,12,0.9090909090909091,True
228.0,1.9202306,2.4437351,1.7856532,True,12,12,0.9090909090909091,True
230.0,1.970132,2.290335,1.836573,True,12,12,0.9090909090909091,True
232.0,2.08653,2.6500437,1.6836622,True,10,11,0.8181818181818182,True
234.0,2.0412855,2.6783168,1.6841662,True,11,11,0.8181818181818182,True
236.0,2.0046284,2.7103038,1.7161335,True,11,11,0.9090909090909091,True
238.0,1.9442346,2.5368228,1.6307781,True,12,12,0.9090909090909091,True
240.0,1.9429371,2.710838,1.9669673,True,12,12,0.9090909090909091,True
242.0,2.0083997,2.2953877,1.5056508,True,12,12,0.8181818181818182,True
244.0,2.0044134,2.4342937,1.728481,True,12,12,0.9090909090909091,True
246.0,2.0618443,2.482559,1.6582357,True,12,12,0.9090909090909091,True
248.0,2.024496,2.0148914,1.4666868,True,12,12,0.8181818181818182,True
250.0,2.0026157,1.8217807,1.4128845,True,12,12,0.9090909090909091,True
252.0,2.120511,2.1731606,1.6047682,True,11,11,0.8181818181818182,True
254.0,2.065977,2.2330322,1.6948955,True,12,12,0.9090909090909091,True
256.0,2.0245242,2.1572573,1.7800528,True,12,12,0.9090909090909091,True
258.0,2.0115366,2.1809485,1.646775,True,12,12,0.9090909090909091,True
260.0,1.9552038,2.2329786,1.3456032,True,12,12,0.9090909090909091,True
262.0,1.9097166,1.9302797,1.7099907,True,12,12,0.9090909090909091,True
264.0,2.0065498,1.9933552,1.4749454,True,12,12,0.9090909090909091,True
266.0,2.0387883,1.7248535,1.7913578,True,12,12,0.9090909090909091,True
268.0,2.0311203,1.9465787,1.9884269,True,12,12,0.9090909090909091,True
270.0,2.0552602,1.5585328,1.86633,True,12,12,0.9090909090909091,True
272.0,2.0267744,1.772204,1.971241,True,11,11,0.8181818181818182,True
274.0,2.1118195,1.7325773,1.8690139,True,12,12,0.9090909090909091,True
276.0,2.1335611,1.6757966,1.8457322,True,12,12,0.9090909090909091,True
278.0,2.0557964,2.03155,1.5952704,True,12,12,0.9090909090909091,True
280.0,2.0790598,1.683255,1.5432663,True,12,12,0.9090909090909091,True
282.0,2.0953903,1.8860295,1.5153301,True,12,12,0.9090909090909091,True
284.0,2.2019677,1.6888075,1.5736649,True,12,12,0.9090909090909091,True
286.0,2.2606764,1.881224,1.6238832,True,12,12,0.9090909090909091,True
288.0,2.2363927,1.7931567,1.7399881,True,12,12,0.9090909090909091,True
290.0,2.3058922,1.6396862,1.7413011,True,13,13,0.9090909090909091,True
292.0,2.2839775,1.7366905,1.6595535,True,13,13,0.9090909090909091,True
294.0,2.2784736,1.7630635,1.4638863,True,12,12,0.8181818181818182,True
296.0,2.2399302,1.6915697,1.6374886,True,11,11,0.8181818181818182,True
298.0,2.2926316,1.6565646,1.785209,True,12,12,0.9090909090909091,True
300.0,2.2726889,1.8428348,1.4673026,True,13,13,1.0,True
302.0,2.33192,1.9659202,1.8385925,True,11,11,0.8181818181818182,True
304.0,2.3285441,1.8177776,1.6934326,True,12,12,0.9090909090909091,True
306.0,2.232813,2.034374,1.7700512,True,11,11,0.8181818181818182,True
308.0,2.2589324,1.8288063,1.5752734,True,11,11,0.8181818181818182,True
310.0,2.279295,1.6880758,1.6821704,True,13,13,0.9090909090909091,True
312.0,2.291472,1.8960288,1.5686734,True,11,11,0.8181818181818182,True
314.0,2.3308582,2.0455601,1.7771652,True,12,12,0.9090909090909091,True
316.0,2.2979684,1.9628665,1.761622,True,13,13,0.9090909090909091,True
318.0,2.276606,2.1461399,1.8868127,True,12,12,0.9090909090909091,True
320.0,2.186313,2.1505644,2.0643318,True,13,13,0.9090909090909091,True
322.0,2.2338214,2.088901,1.7308317,True,12,12,0.8181818181818182,True
324.0,2.2977977,2.06225,1.5839715,True,12,12,0.9090909090909091,True
326.0,2.2992887,2.0067194,1.6732615,True,13,13,0.9090909090909091,True
328.0,2.31397,1.6689335,1.7277064,True,11,11,0.9090909090909091,True
330.0,2.2840943,2.030804,1.6279007,True,11,11,0.8181818181818182,True
332.0,2.245462,1.8841319,1.7793936,True,12,12,0.8181818181818182,True
334.0,2.2148674,1.8500512,1.8623681,True,12,12,0.9090909090909091,True
336.0,2.1894825,1.8219572,1.4451346,True,12,12,0.8181818181818182,True
338.0,2.1947541,1.9379258,1.5663754,True,12,12,0.8181818181818182,True
340.0,2.1548758,2.0922213,1.9393084,True,11,11,0.8181818181818182,True
342.0,2.12647,2.2838511,1.4154953,True,11,11,0.7272727272727273,True
344.0,2.0597193,2.0818305,1.5237666,True,13,13,0.9090909090909091,True
346.0,2.0304077,2.2918918,1.7112858,True,12,12,0.8181818181818182,True
348.0,2.0297196,2.1069703,1.615815,True,11,11,0.8181818181818182,True
350.0,2.0907094,2.352352,1.4706938,True,11,11,0.8181818181818182,True
352.0,2.016823,2.0020185,1.2509638,True,11,11,0.8181818181818182,True
354.0,1.9943141,2.3525953,1.1564057,True,10,10,0.7272727272727273,True
356.0,2.0012846,2.055899,1.6745207,True,12,12,0.9090909090909091,True
358.0,2.01586,1.864674,1.5942087,True,11,11,0.8181818181818182,True
360.0,2.0425985,2.036641,1.4043996,True,10,10,0.7272727272727273,True
362.0,2.0660024,2.1640036,1.2657113,True,12,12,0.8181818181818182,True
364.0,2.069023,2.2181501,1.2770433,True,12,12,0.8181818181818182,True
366.0,2.0334032,2.0952082,1.3773292,True,13,13,0.9090909090909091,True
368.0,2.0559218,1.9275808,1.3086703,True,11,11,0.8181818181818182,True
370.0,1.991029,2.0923827,1.5037047,True,11,11,0.8181818181818182,True
372.0,1.9950485,2.2214558,1.131671,True,12,12,0.9090909090909091,True
374.0,2.0243402,2.1162817,1.3184094,True,11,11,0.8181818181818182,True
376.0,2.039544,2.181962,1.2552145,True,12,12,0.9090909090909091,True
378.0,2.0469944,2.157517,1.054791,True,11,11,0.8181818181818182,True
380.0,2.0415573,2.0348375,1.1500965,True,11,11,0.8181818181818182,True
382.0,1.9575621,2.272624,1.3011444,True,11,11,0.8181818181818182,True
384.0,1.9158466,2.2081432,1.3743155,True,11,11,0.8181818181818182,True
386.0,1.9155934,2.1778557,1.1888376,True,12,12,0.8181818181818182,True
388.0,1.9367658,2.1872993,1.6016351,True,12,12,0.9090909090909091,True
390.0,1.973192,2.1502705,1.347252,True,12,12,0.8181818181818182,True
392.0,1.9723994,2.4736705,1.6667153,True,11,11,0.8181818181818182,True
394.0,1.9696665,2.68818,1.9495664,True,13,13,0.9090909090909091,True
396.0,1.8987514,2.289887,1.7738975,True,11,11,0.8181818181818182,True
398.0,1.9554687,2.2690785,1.7929662,True,11,11,0.7272727272727273,True
400.0,1.9023906,2.508359,1.6323906,True,11,11,0.7272727272727273,True
402.0,1.9043767,2.5165808,1.7996278,True,11,11,0.8181818181818182,True
404.0,1.872884,1.9838691,2.057156,True,11,11,0.8181818181818182,True
406.0,1.8761343,2.0019205,2.0938401,True,12,12,0.9090909090909091,True
408.0,1.95036,2.274817,1.8995659,True,11,11,0.8181818181818182,True
410.0,1.9022192,1.947808,1.469069,True,11,11,0.8181818181818182,True
412.0,1.9098227,2.3793948,1.5733374,True,10,10,0.6363636363636364,True
414.0,1.9432476,2.3761704,1.5312105,True,11,11,0.8181818181818182,True
416.0,1.9125079,2.1070466,1.6362138,True,12,12,0.9090909090909091,True
418.0,1.8864479,1.9218487,1.8041582,True,14,14,0.9090909090909091,True
420.0,1.8844193,1.9093095,1.7975578,True,12,12,0.9090909090909091,True
422.0,1.8706138,1.9412525,1.576374,True,15,15,1.0,True
424.0,1.8757635,1.9007025,1.5587664,True,12,12,0.8181818181818182,True
426.0,1.9209733,1.9483751,1.5736724,True,12,12,0.8181818181818182,True
428.0,1.8542076,1.9016856,1.8046981,True,13,13,0.9090909090909091,True
430.0,1.8573682,1.8829869,1.5359075,True,12,12,0.8181818181818182,True
432.0,1.9005352,1.6001947,1.5954204,True,11,11,0.8181818181818182,True
434.0,1.8855803,1.5074289,1.6453881,True,12,12,0.8181818181818182,True
436.0,1.8917258,1.4893855,1.4396014,True,15,15,1.0,True
438.0,1.9410812,1.5032566,1.6795921,True,12,12,0.9090909090909091,True
440.0,1.9030018,1.594101,1.7577322,True,12,12,0.9090909090909091,True
442.0,1.9250185,1.8409843,1.8958659,True,11,11,0.8181818181818182,True
444.0,1.8133652,1.6916227,1.76817,True,14,14,1.0,True
446.0,1.8292713,1.7748699,1.6562614,True,11,11,0.8181818181818182,True
448.0,1.8063667,1.5862287,1.4311582,True,12,12,0.9090909090909091,True
450.0,1.7894034,1.6259949,1.8971732,True,13,13,0.9090909090909091,True
452.0,1.8043916,1.6925743,2.0343196,True,12,12,0.8181818181818182,True
454.0,1.780925,1.7088974,1.94927,True,12,12,0.9090909090909091,True
456.0,1.8020731,1.929531,1.9530947,True,11,11,0.8181818181818182,True
458.0,1.8173586,1.583194,1.7786772,True,12,12,0.9090909090909091,True
460.0,1.8824207,1.7883503,2.0865748,True,12,12,0.9090909090909091,True
462.0,1.8009696,1.766563,1.9555671,True,12,12,0.9090909090909091,True
464.0,1.8577096,2.135057,2.0837693,True,13,13,0.9090909090909091,True
466.0,1.8396993,2.0632796,1.9309969,True,12,12,0.8181818181818182,True
468.0,1.8321638,1.6898841,1.5281547,True,12,12,0.9090909090909091,True
470.0,1.932791,1.4304821,1.547755,True,11,11,0.8181818181818182,True
472.0,1.9396542,1.84341,1.7041962,True,13,13,0.9090909090909091,True
474.0,1.9889698,1.7795826,1.7818868,True,12,12,0.9090909090909091,True
476.0,1.9710186,1.6406922,1.3889143,True,12,12,0.8181818181818182,True
478.0,2.0314305,1.7636814,1.7676698,True,12,12,0.8181818181818182,True
480.0,2.0167117,1.749037,1.5907764,True,11,11,0.7272727272727273,True
482.0,2.016025,1.7445707,1.8800471,True,13,13,0.9090909090909091,True
484.0,2.0531125,1.8564569,1.87241,True,13,13,0.9090909090909091,True
486.0,2.048636,1.4793211,1.9257606,True,13,13,0.9090909090909091,True
488.0,2.037557,1.6009392,1.7361181,True,13,13,0.9090909090909091,True
490.0,2.0273776,1.6339637,1.5652181,True,13,13,0.9090909090909091,True
492.0,1.9350054,1.6586493,1.9128089,True,13,13,0.9090909090909091,True
494.0,1.9494461,1.6425859,1.729296,True,12,12,0.9090909090909091,True
496.0,1.9386301,1.7834358,2.0478237,True,13,13,0.9090909090909091,True
498.0,1.8992819,1.5450467,2.0055304,True,13,13,0.9090909090909091,True
500.0,1.91158,1.698498,1.8015435,True,11,11,0.7272727272727273,True
502.0,1.9543161,1.5425847,1.4286369,True,11,11,0.8181818181818182,True
504.0,1.9782293,1.6386284,1.6654277,True,13,13,0.9090909090909091,True
506.0,1.9588175,1.6325388,1.6419127,True,13,13,0.9090909090909091,True
508.0,1.9451004,1.388777,1.8069018,True,13,13,0.9090909090909091,True
510.0,1.9701567,1.4936688,1.6355314,True,11,11,0.9090909090909091,True
512.0,2.0097208,1.6202631,1.5021331,True,12,12,0.9090909090909091,True
514.0,1.988119,1.5174701,1.5447439,True,12,12,0.8181818181818182,True
516.0,1.9570222,1.8732077,1.5632635,True,13,13,0.9090909090909091,True
518.0,1.9576571,2.0618842,1.6829038,True,12,12,0.9090909090909091,True
520.0,1.9389749,1.8560903,1.624819,True,13,13,0.9090909090909091,True
522.0,1.9995863,1.640935,1.595738,True,13,13,0.9090909090909091,True
524.0,2.0107563,1.8752215,1.5312731,True,11,11,0.8181818181818182,True
526.0,2.0283272,1.6502929,1.4592168,True,12,12,0.9090909090909091,True
528.0,1.9938924,1.399654,1.4474075,True,12,12,0.8181818181818182,True
530.0,1.9507862,1.3584353,1.5217477,True,14,14,0.9090909090909091,True
532.0,1.9829981,1.5644968,1.6806097,True,12,12,0.8181818181818182,True
534.0,2.0514581,1.2631129,1.5946207,True,11,11,0.8181818181818182,True
536.0,2.0365992,1.4101325,1.6178192,True,11,11,0.8181818181818182,True
538.0,2.0954242,1.413117,1.7839081,True,11,11,0.8181818181818182,True
540.0,2.063386,1.5100627,1.6457515,True,13,13,0.8181818181818182,True
542.0,2.0953634,1.4907955,1.3203313,True,11,11,0.7272727272727273,True
544.0,2.0178404,1.7163212,1.5659548,True,11,11,0.8181818181818182,True
546.0,1.9925171,1.5922003,1.3504529,True,11,11,0.7272727272727273,True
548.0,1.8972511,1.618949,1.5089188,True,10,10,0.7272727272727273,True
550.0,1.9228528,1.5784028,1.3764203,True,12,12,0.8181818181818182,True
552.0,1.8855201,1.5772424,1.2743502,True,11,11,0.8181818181818182,True
554.0,1.8516183,1.4703176,1.4558066,True,11,11,0.8181818181818182,True
556.0,1.8526818,1.7367516,1.7045751,True,11,11,0.8181818181818182,True
558.0,1.8819425,1.9022079,1.9495226,True,10,10,0.6363636363636364,True
560.0,1.8493755,2.0223362,2.0713499,True,11,11,0.8181818181818182,True
562.0,1.8400216,1.8201153,2.0107007,True,11,11,0.8181818181818182,True
564.0,1.8556652,1.6565763,2.2479744,True,12,12,0.8181818181818182,True
566.0,1.8597949,2.1924052,2.1596859,True,10,10,0.7272727272727273,True
568.0,1.8733729,1.8379968,1.7746608,True,11,11,0.8181818181818182,True
570.0,2.0270188,1.804654,1.8617303,True,11,11,0.8181818181818182,True
572.0,2.1151524,1.893786,2.0345573,True,12,12,0.8181818181818182,True
574.0,2.1277573,1.8732333,1.884517,True,10,10,0.7272727272727273,True
576.0,2.055652,1.9027394,1.5061985,True,12,12,0.8181818181818182,True
578.0,2.0714352,1.9063085,1.837421,True,12,12,0.8181818181818182,True
580.0,2.0841136,1.8557527,1.9974298,True,11,11,0.8181818181818182,True
582.0,1.9777288,1.9096091,2.163296,True,11,11,0.7272727272727273,True
584.0,2.117805,1.8000953,1.9674101,True,12,12,0.8181818181818182,True
586.0,2.06914,1.8709153,1.5790172,True,10,10,0.6363636363636364,True
588.0,2.0609431,1.6575719,1.2944032,True,11,11,0.7272727272727273,True
590.0,2.0770292,1.6135348,1.5865047,True,10,10,0.6363636363636364,True
592.0,2.065101,1.985934,1.8332118,True,12,12,0.8181818181818182,True
594.0,2.090567,2.1569414,1.662885,True,11,11,0.7272727272727273,True
596.0,2.0373526,1.6595966,1.5369837,True,11,11,0.7272727272727273,True
598.0,2.1180038,2.2104897,1.9473212,True,11,11,0.7272727272727273,True
600.0,2.095076,2.0012035,1.5532866,True,9,9,0.6363636363636364,True
602.0,2.0278695,1.9008576,1.7191393,True,11,11,0.7272727272727273,True
604.0,1.984197,1.8671212,1.7299798,True,11,11,0.7272727272727273,True
606.0,2.0150745,1.9360842,1.9473583,True,10,10,0.7272727272727273,True
608.0,2.0415566,2.0252721,1.796962,True,12,12,0.8181818181818182,True
610.0,1.9830141,2.111257,1.9183899,True,8,8,0.5454545454545454,True
612.0,1.9802587,1.8793232,1.7875082,True,9,9,0.6363636363636364,True
614.0,2.0227458,1.6263866,1.6567397,True,10,10,0.7272727272727273,True
616.0,1.9686611,1.7780219,1.7706907,True,11,11,0.8181818181818182,True
618.0,1.9960016,1.707896,1.7256321,True,11,11,0.7272727272727273,True
620.0,1.9851363,1.596449,1.6426482,True,11,11,0.8181818181818182,True
622.0,2.0259933,1.9246985,1.9442879,True,10,10,0.7272727272727273,True
624.0,2.0111,1.6762288,1.3525245,True,10,10,0.7272727272727273,True
626.0,2.0213385,1.451855,1.4256692,True,10,10,0.7272727272727273,True
628.0,1.9816031,1.6110775,1.4110631,True,10,10,0.7272727272727273,True
630.0,1.942533,1.4305156,1.264206,True,8,8,0.7272727272727273,True
632.0,1.9266104,1.7224653,1.3732686,True,10,10,0.7272727272727273,True
634.0,1.9137821,1.7635016,1.2415102,True,11,11,0.8181818181818182,True
636.0,1.9413414,1.5576488,1.378648,True,11,11,0.8181818181818182,True
638.0,1.9399555,1.7355912,1.7211682,True,11,11,0.8181818181818182,True
640.0,1.927693,1.668753,1.6597359,True,11,11,0.7272727272727273,True
642.0,1.9397349,1.7360078,1.3045237,True,10,10,0.8181818181818182,True
644.0,1.8949037,1.6370473,1.3414898,True,11,11,0.8181818181818182,True
646.0,1.9385141,1.7553787,1.1258796,True,10,10,0.8181818181818182,True
648.0,1.9270836,1.645208,1.2217611,True,10,10,0.8181818181818182,True
650.0,1.9678575,1.4598215,1.3010659,True,10,10,0.7272727272727273,True
652.0,1.9786241,1.8141323,1.5170498,True,11,11,0.8181818181818182,True
654.0,1.9642919,1.7391932,1.4816217,True,10,10,0.8181818181818182,True
656.0,2.0011482,2.0027952,1.4975934,True,11,11,0.8181818181818182,True
658.0,2.0033693,1.9051951,1.7282951,True,11,11,0.8181818181818182,True
660.0,2.0277066,2.020605,1.3024125,True,11,11,0.8181818181818182,True
662.0,2.035586,1.7128973,1.2720065,True,12,12,0.8181818181818182,True
664.0,2.0191176,1.5465246,1.3532819,True,10,10,0.7272727272727273,True
666.0,2.0191383,1.4894505,1.359637,True,9,9,0.7272727272727273,True
668.0,1.933392,1.5304476,1.5275652,True,9,9,0.8181818181818182,True
670.0,2.0689394,1.2117882,1.4257746,True,10,10,0.8181818181818182,True
672.0,2.0109076,1.5509182,1.3278466,True,11,11,0.7272727272727273,True
674.0,2.0073857,1.5498168,1.2113421,True,10,10,0.7272727272727273,True
676.0,2.076911,1.4823375,1.418827,True,11,11,0.7272727272727273,True
678.0,2.0706239,1.6527543,1.3618708,True,11,11,0.8181818181818182,True
680.0,2.0243983,1.5878942,1.1952868,True,11,11,0.8181818181818182,True
682.0,2.0662704,1.6593626,1.8497522,True,11,11,0.8181818181818182,True
684.0,2.0605242,1.688874,1.3201034,True,10,10,0.7272727272727273,True
686.0,2.095348,1.6689749,1.3882647,True,10,10,0.7272727272727273,True
688.0,2.1272619,1.5311366,1.3827858,True,9,9,0.7272727272727273,True
690.0,2.0844855,1.353498,1.6034437,True,9,9,0.7272727272727273,True
692.0,2.082036,1.7994156,1.2104902,True,12,12,0.8181818181818182,True
694.0,2.1162734,1.8642825,1.4366198,True,11,11,0.8181818181818182,True
696.0,2.1868432,1.7836151,1.6049285,True,10,10,0.7272727272727273,True
698.0,2.2124043,1.814358,1.4382434,True,8,8,0.7272727272727273,True
700.0,2.0708115,1.5156382,1.5770018,True,9,9,0.8181818181818182,True
702.0,2.1166215,1.529436,1.7639983,True,10,10,0.7272727272727273,True
704.0,2.1191206,1.5513239,1.63409,True,11,11,0.8181818181818182,True
706.0,2.1202235,1.6786382,1.400749,True,10,10,0.7272727272727273,True
708.0,2.0893111,1.7388895,1.6415915,True,10,10,0.7272727272727273,True
710.0,2.1223547,2.1122174,1.3181131,True,10,10,0.6363636363636364,True
712.0,2.113318,1.7295883,1.3971997,True,10,10,0.8181818181818182,True
714.0,2.1699324,1.7197132,1.27139,True,10,10,0.7272727272727273,True
716.0,2.2069654,1.7986305,1.0866066,True,9,9,0.7272727272727273,True
718.0,2.203429,1.88938,1.1772321,True,10,10,0.7272727272727273,True
720.0,2.1787663,1.7487156,0.9752104,True,8,8,0.6363636363636364,True
722.0,2.2525334,1.5937111,1.0970203,True,8,8,0.6363636363636364,True
724.0,2.2671502,1.6147659,1.2480234,True,9,9,0.6363636363636364,True
726.0,2.3149703,1.9221554,1.4107512,True,10,10,0.7272727272727273,True
728.0,2.2545993,1.7379978,1.2158338,True,9,9,0.7272727272727273,True
730.0,2.2779982,1.8499719,1.0343428,True,9,9,0.6363636363636364,True
732.0,2.271504,1.527769,0.8884048,True,8,8,0.6363636363636364,True
734.0,2.293128,1.6987063,0.88533396,True,8,8,0.5454545454545454,True
736.0,2.3386934,1.979621,1.4999275,True,10,10,0.7272727272727273,True
738.0,2.439505,2.2933002,1.5565286,True,9,9,0.6363636363636364,True
740.0,2.4825344,2.0661802,1.4369586,True,9,9,0.6363636363636364,True
742.0,2.42797,2.0362225,1.4598842,True,6,6,0.5454545454545454,True
744.0,2.5357568,1.8942689,1.4129503,True,9,9,0.7272727272727273,True
746.0,2.4897335,1.9508579,1.266052,True,8,8,0.5454545454545454,True
748.0,2.4765813,2.0271747,1.7333832,True,12,12,0.8181818181818182,True
750.0,2.4479263,1.9767635,1.7923898,True,10,10,0.7272727272727273,True
752.0,2.413949,1.9793409,1.6553981,True,11,11,0.8181818181818182,True
754.0,2.4564972,1.8269043,1.6276422,True,12,12,0.9090909090909091,True
756.0,2.5277016,1.7086425,1.3175291,True,12,12,0.9090909090909091,True
758.0,2.527913,1.8962579,1.7819859,True,11,11,0.8181818181818182,True
760.0,2.5230064,1.7146124,1.2870104,True,9,9,0.7272727272727273,True
762.0,2.5566874,1.740423,1.3293943,True,9,9,0.6363636363636364,True
764.0,2.4917219,1.9592477,1.412388,True,12,12,0.8181818181818182,True
766.0,2.557192,1.7226949,1.6099522,True,9,9,0.8181818181818182,True
768.0,2.5568657,1.7520871,1.3957423,True,10,10,0.7272727272727273,True
770.0,2.5224578,2.028682,1.7718151,True,12,12,0.9090909090909091,True
772.0,2.499107,1.9219537,1.5849848,True,11,11,0.8181818181818182,True
774.0,2.490263,2.01631,1.5315931,True,11,11,0.8181818181818182,True
776.0,2.5216815,1.7930627,1.1136483,True,11,11,0.8181818181818182,True
778.0,2.4473279,2.1128612,1.5325559,True,12,12,0.8181818181818182,True
780.0,2.4128475,1.9768168,1.4236367,True,11,11,0.8181818181818182,True
782.0,2.4735048,2.1308186,1.8668568,True,12,12,0.9090909090909091,True
784.0,2.3659363,2.148028,1.6743782,True,10,10,0.6363636363636364,True
786.0,2.398089,2.7231321,2.1796198,True,11,11,0.8181818181818182,True
788.0,2.4381173,2.3045967,1.7523962,True,13,13,0.9090909090909091,True
790.0,2.4682689,2.3738608,1.9721704,True,11,11,0.8181818181818182,True
792.0,2.4265244,2.7276406,2.3700936,True,11,11,0.8181818181818182,True
794.0,2.4642324,2.5694022,2.021741,True,11,11,0.8181818181818182,True
796.0,2.4246094,2.5920007,1.9634578,True,11,11,0.8181818181818182,True
798.0,2.4444032,2.4132473,2.0163364,True,10,10,0.7272727272727273,True
800.0,2.4184802,2.2993908,1.9305093,True,11,11,0.8181818181818182,True
802.0,2.3962743,2.4184813,2.2012434,True,11,11,0.9090909090909091,True
804.0,2.407768,2.5150344,2.39104,True,12,12,0.9090909090909091,True
806.0,2.3892715,2.3227139,2.0498517,True,11,11,0.8181818181818182,True
808.0,2.3619928,2.6278243,2.3514967,True,10,10,0.8181818181818182,True
810.0,2.32753,2.1805744,2.2422235,True,11,11,0.9090909090909091,True
812.0,2.338194,2.2831063,1.9148033,True,11,11,0.8181818181818182,True
814.0,2.391533,2.341993,2.0766778,True,11,11,0.8181818181818182,True
816.0,2.4030726,2.400181,2.0993314,True,11,11,0.8181818181818182,True
818.0,2.3964653,2.1606925,2.0269127,True,10,10,0.8181818181818182,True
820.0,2.4737668,2.276407,2.015298,True,12,12,0.9090909090909091,True
822.0,2.4978034,1.8814387,1.76879,True,9,9,0.8181818181818182,True
824.0,2.4789584,1.890105,1.7520673,True,11,11,0.8181818181818182,True
826.0,2.4441323,1.9216325,1.4253659,True,10,10,0.8181818181818182,True
828.0,2.4461672,2.1650455,1.4541446,True,11,11,0.7272727272727273,True
830.0,2.4187107,2.1458497,1.325904,True,11,11,0.8181818181818182,True
832.0,2.4706898,1.9369401,1.3443279,True,9,9,0.8181818181818182,True
834.0,2.5170279,2.2187443,1.4301425,True,9,9,0.8181818181818182,True
836.0,2.5389843,2.1769028,1.6858509,True,9,9,0.8181818181818182,True
838.0,2.6019285,2.1174598,1.6874303,True,8,8,0.7272727272727273,True
840.0,2.6109817,2.27804,1.5811163,True,10,10,0.7272727272727273,True
842.0,2.6909113,2.39183,1.7457626,True,10,10,0.7272727272727273,True
844.0,2.7573514,2.4404552,1.7659402,True,7,7,0.6363636363636364,True
846.0,2.7367833,2.593945,1.8824078,True,8,8,0.6363636363636364,True
848.0,2.7053797,2.5623064,1.8873351,True,10,10,0.7272727272727273,True
850.0,2.6519961,2.8030932,2.0547104,True,10,10,0.7272727272727273,True
852.0,2.6697853,2.6325467,1.7949834,True,11,11,0.8181818181818182,True
854.0,2.5837448,2.2460322,1.775209,True,9,9,0.7272727272727273,True
856.0,2.6604393,2.8398857,1.9247515,True,10,10,0.7272727272727273,True
858.0,2.640282,2.2381516,1.7063702,True,11,11,0.8181818181818182,True
860.0,2.5934448,2.6753438,1.4967495,True,12,12,0.8181818181818182,True
862.0,2.6551714,2.6297073,1.5480182,True,12,12,0.8181818181818182,True
864.0,2.6930354,2.592445,1.7392919,True,11,11,0.8181818181818182,True
866.0,2.7278256,2.8657243,2.0025604,True,10,10,0.7272727272727273,True
868.0,2.797018,2.7908077,2.0235927,True,10,10,0.7272727272727273,True
870.0,2.731899,2.75912,1.859224,True,11,11,0.7272727272727273,True
872.0,2.6477723,2.6037276,1.7501063,True,12,12,0.8181818181818182,True
874.0,2.6275783,2.7753062,2.230599,True,12,12,0.8181818181818182,True
876.0,2.6617131,2.5761952,1.9455614,True,11,11,0.7272727272727273,True
878.0,2.7315097,2.8326716,2.0701873,True,11,11,0.7272727272727273,True
880.0,2.7081022,2.9979026,2.3337893,True,10,10,0.7272727272727273,True
882.0,2.7333882,2.763173,2.0704386,True,10,10,0.7272727272727273,True
884.0,2.7622273,2.759913,2.0552406,True,10,10,0.6363636363636364,True
886.0,2.8202617,2.792934,2.0059438,True,10,10,0.7272727272727273,True
888.0,2.7348347,2.531679,1.6522138,True,10,10,0.7272727272727273,True
890.0,2.753134,2.5927925,1.9166281,True,8,8,0.6363636363636364,True
892.0,2.7566342,2.58146,1.6515119,True,9,9,0.7272727272727273,True
894.0,2.8101273,2.3977098,1.6313283,True,9,9,0.7272727272727273,True
896.0,2.8140185,2.329678,1.601871,True,10,10,0.7272727272727273,True
898.0,2.7978654,2.5262702,1.8207114,True,8,8,0.6363636363636364,True
900.0,2.82745,2.2823644,1.3181422,True,9,9,0.6363636363636364,True
902.0,2.9210057,2.3666291,1.303754,True,11,11,0.7272727272727273,True
904.0,3.0535932,2.3866434,1.3216949,True,9,9,0.6363636363636364,True
906.0,3.054359,2.6806126,1.5011339,True,9,9,0.6363636363636364,True
908.0,3.0418682,2.6801734,1.1023607,True,11,11,0.7272727272727273,True
910.0,3.0624259,2.611016,1.2953292,True,10,10,0.6363636363636364,True
912.0,3.1013393,2.794835,1.6358519,True,9,9,0.6363636363636364,True
914.0,3.006184,2.76854,1.4171714,True,10,10,0.6363636363636364,True
916.0,2.9478433,2.7329931,1.4586006,True,11,11,0.6363636363636364,True
918.0,2.9248788,2.7580948,1.5245522,True,10,10,0.6363636363636364,True
920.0,2.893085,2.74868,1.350836,True,10,10,0.6363636363636364,True
922.0,2.983273,2.9469976,1.4215976,True,9,9,0.6363636363636364,True
924.0,2.9518259,2.9874759,1.550782,True,9,9,0.6363636363636364,True
926.0,2.97482,3.1130896,1.6862874,True,9,9,0.6363636363636364,True
928.0,2.9328551,2.9735699,1.919996,True,9,9,0.6363636363636364,True
930.0,2.9170637,2.7138984,1.5161741,True,10,10,0.6363636363636364,True
932.0,2.9317403,3.1415815,1.9518783,True,10,10,0.7272727272727273,True
934.0,2.8683295,3.083982,2.0440717,True,10,10,0.7272727272727273,True
936.0,2.7681258,2.7709887,1.8161798,True,10,10,0.7272727272727273,True
938.0,2.7168217,2.9700363,1.9127765,True,10,10,0.7272727272727273,True
940.0,2.7952993,3.073939,1.8202896,True,10,10,0.7272727272727273,True
942.0,2.745187,2.917377,1.559205,True,11,11,0.6363636363636364,True
944.0,2.7261019,2.7897654,1.8222481,True,9,9,0.6363636363636364,True
946.0,2.6857147,2.871022,1.8077047,True,10,10,0.7272727272727273,True
948.0,2.673545,2.5329757,1.7086427,True,9,9,0.7272727272727273,True
950.0,2.6948895,2.643603,1.4018736,True,10,10,0.7272727272727273,True
952.0,2.7854922,2.6933575,1.5758251,True,10,10,0.7272727272727273,True
954.0,2.7504926,2.884147,1.8368766,True,12,12,0.8181818181818182,True
956.0,2.7614617,3.0942657,1.7117705,True,10,10,0.7272727272727273,True
958.0,2.7640815,2.7929587,1.734023,True,10,10,0.7272727272727273,True
960.0,2.7767694,3.073673,1.69564,True,10,10,0.7272727272727273,True
962.0,2.8690228,3.0896034,1.8487824,True,10,10,0.7272727272727273,True
964.0,2.7589188,2.9436026,1.8787689,True,10,10,0.7272727272727273,True
966.0,2.640951,2.9056594,1.6957622,True,8,8,0.6363636363636364,True
968.0,2.6116583,2.8532548,1.7220244,True,10,10,0.6363636363636364,True
970.0,2.626507,3.0306292,1.5730696,True,10,10,0.6363636363636364,True
972.0,2.6162457,2.9878545,1.4600127,True,9,9,0.6363636363636364,True
974.0,2.523317,2.5119674,1.4266466,True,10,10,0.6363636363636364,True
976.0,2.6344352,2.6447525,1.2814188,True,10,10,0.6363636363636364,True
978.0,2.6561942,2.731481,1.6648452,True,10,10,0.6363636363636364,True
980.0,2.6453156,2.8103342,1.2245001,True,10,10,0.6363636363636364,True
982.0,2.5833251,2.7525878,1.4256253,True,10,10,0.6363636363636364,True
984.0,2.467984,2.9172797,1.525843,True,10,10,0.6363636363636364,True
986.0,2.4879699,2.6592672,1.265969,True,9,9,0.6363636363636364,True
988.0,2.5363443,2.8998854,1.3392209,True,10,10,0.6363636363636364,True
990.0,2.5858352,2.9126697,1.2804027,True,9,9,0.6363636363636364,True
992.0,2.6108813,2.9384325,1.2052273,True,10,10,0.6363636363636364,True
994.0,2.7030838,3.0137632,1.1605005,True,9,9,0.6363636363636364,True
996.0,2.7907453,3.4350812,1.8574183,True,10,10,0.6363636363636364,True
998.0,2.7750645,3.0329447,1.4090563,True,10,10,0.6363636363636364,True
1000.0,2.758627,3.1145833,1.4788866,True,10,10,0.6363636363636364,True
