clear_rank,source,restart,best_step,sequence,prediction,predicted_improvement_vs_seed,n_mutations,mutation_labels,valid,validity_status,optimization_objective,depth,counterfactual_success,present_in_04c_library,present_in_04c_labeled,is_novel_sequence,min_hamming_to_labeled_data,local_support_class,minimality_score,novelty_bonus,support_score,normalized_predicted_improvement,clear_final_score
1,beam_clear,,,IGERSQYRELK,0.8416846990585327,0.09575492143630981,2,C5S;D9E,True,PASS,0.055754921436309814,2.0,True,True,True,False,0,observed,0.3333333333333333,0.0,1.0,1.0,0.85
2,beam_clear,,,IGERCQYRELK,0.8089005351066589,0.06297075748443604,1,D9E,True,PASS,0.04297075748443603,1.0,True,True,True,False,0,observed,0.5,0.0,1.0,0.9552020254857827,0.8436414178400478
3,beam_clear,,,IGERCQYKELK,0.8208393454551697,0.07490956783294678,2,R8K;D9E,True,PASS,0.034909567832946777,2.0,True,True,True,False,0,observed,0.3333333333333333,0.0,1.0,0.9715158324356192,0.8300610827049334
4,beam_clear,,,IGERCEYRELK,0.8201204538345337,0.07419067621231079,2,Q6E;D9E,True,PASS,0.03419067621231079,2.0,True,True,True,False,0,observed,0.3333333333333333,0.0,1.0,0.9705335018034575,0.8293734512624202
5,beam_clear,,,IGERCQYRELR,0.8133544921875,0.0674247145652771,2,D9E;K11R,True,PASS,0.0274247145652771,2.0,True,True,True,False,0,observed,0.3333333333333333,0.0,1.0,0.961288142431996,0.8229016997023972
6,beam_clear,,,IGERCQYRELE,0.8074650764465332,0.0615352988243103,2,D9E;K11E,True,PASS,0.021535298824310302,2.0,True,True,True,False,0,observed,0.3333333333333333,0.0,1.0,0.9532405406491731,0.8172683784544211
7,beam_clear,,,IGERSEYRDLK,0.8073581457138062,0.06142836809158325,2,C5S;Q6E,True,PASS,0.02142836809158325,2.0,True,True,True,False,0,observed,0.3333333333333333,0.0,1.0,0.9530944249743453,0.8171660974820417
8,beam_clear,,,IGERSQYRDLK,0.7786797881126404,0.03275001049041748,1,C5S,True,PASS,0.01275001049041748,1.0,True,True,True,False,0,observed,0.5,0.0,1.0,0.9139068362710743,0.8147347853897519
9,beam_clear,,,IGERCQYRELQ,0.8033907413482666,0.0574609637260437,2,D9E;K11Q,True,PASS,0.0174609637260437,2.0,True,True,True,False,0,observed,0.3333333333333333,0.0,1.0,0.9476731587826577,0.8133712111478604
10,beam_clear,,,IGERSQYKDLK,0.7942160367965698,0.048286259174346924,2,C5S;R8K,True,PASS,0.008286259174346923,2.0,True,True,True,False,0,observed,0.3333333333333333,0.0,1.0,0.9351363687249415,0.804595458107459
11,beam_clear,,,IGERTQYRELK,0.7881973385810852,0.042267560958862305,2,C5T;D9E,True,PASS,0.002267560958862304,2.0,True,True,True,False,0,observed,0.3333333333333333,0.0,1.0,0.9269121086931211,0.7988384760851848
12,beam_clear,,,IGERCQYREMK,0.7880941033363342,0.04216432571411133,2,D9E;L10M,True,PASS,0.0021643257141113273,2.0,True,True,True,False,0,observed,0.3333333333333333,0.0,1.0,0.9267710427238894,0.7987397299067226
13,beam_clear,,,IGERCQYKDLK,0.7614649534225464,0.015535175800323486,1,R8K,True,PASS,-0.004464824199676514,1.0,True,True,True,False,0,observed,0.5,0.0,1.0,0.8903835972204954,0.7982685180543467
14,beam_clear,,,TGERCQYRELK,0.7870302796363831,0.041100502014160156,2,I1T;D9E,True,PASS,0.0011005020141601554,2.0,True,True,True,False,0,observed,0.3333333333333333,0.0,1.0,0.9253173790871411,0.7977221653609987
15,beam_clear,,,IGERCQFRELK,0.784194827079773,0.03826504945755005,2,Y7F;D9E,True,PASS,-0.001734950542449952,2.0,True,True,True,False,0,observed,0.3333333333333333,0.0,1.0,0.921442870298271,0.7950100092087897
16,beam_clear,,,IGERSQYRDLR,0.7834306359291077,0.037500858306884766,2,C5S;K11R,True,PASS,-0.002499141693115235,2.0,True,True,True,False,0,observed,0.3333333333333333,0.0,1.0,0.9203986400491255,0.7942790480343879
17,beam_clear,,,IGERCEYRDLK,0.7565464973449707,0.010616719722747803,1,Q6E,True,PASS,-0.009383280277252198,1.0,True,True,True,False,0,observed,0.5,0.0,1.0,0.8836627648596037,0.7935639354017225
18,beam_clear,,,IGERSQYRDLE,0.7797442078590393,0.033814430236816406,2,C5S;K11E,True,PASS,-0.006185569763183595,2.0,True,True,True,False,0,observed,0.3333333333333333,0.0,1.0,0.9153613143764671,0.7907529200635269
19,beam_clear,,,IGERCQYRELN,0.7782370448112488,0.03230726718902588,2,D9E;K11N,True,PASS,-0.007692732810974122,2.0,True,True,True,False,0,observed,0.3333333333333333,0.0,1.0,0.913301848961921,0.7893112942733447
20,beam_clear,,,LGERCQYRELK,0.777299165725708,0.03136938810348511,2,I1L;D9E,True,PASS,-0.008630611896514893,2.0,True,True,True,False,0,observed,0.3333333333333333,0.0,1.0,0.9120202825497609,0.7884141977848326
21,beam_clear,,,IGERCQWRELK,0.7725037932395935,0.026574015617370605,2,Y7W;D9E,True,PASS,-0.013425984382629395,2.0,True,True,True,False,0,observed,0.3333333333333333,0.0,1.0,0.9054676379639636,0.7838273465747745
22,beam_clear,,,IGERCEYKDLK,0.7721155881881714,0.026185810565948486,2,Q6E;R8K,True,PASS,-0.013814189434051515,2.0,True,False,False,True,1,strong_local_support,0.3333333333333333,1.0,0.5,0.9049371745357845,0.7834560221750493
23,beam_clear,,,IGERCQYRELH,0.7683334946632385,0.022403717041015625,2,D9E;K11H,True,PASS,-0.017596282958984376,2.0,True,True,True,False,0,observed,0.3333333333333333,0.0,1.0,0.8997691266456798,0.7798383886519759
24,beam_clear,,,IGERSQYRQLK,0.7678362727165222,0.021906495094299316,2,C5S;D9Q,True,PASS,-0.018093504905700684,2.0,True,True,True,False,0,observed,0.3333333333333333,0.0,1.0,0.8990896969024169,0.7793627878316918
25,beam_clear,,,IGERSQYRDLQ,0.7668160200119019,0.020886242389678955,2,C5S;K11Q,True,PASS,-0.019113757610321046,2.0,True,True,True,False,0,observed,0.3333333333333333,0.0,1.0,0.8976955709235834,0.7783868996465084
26,beam_clear,,,IGERCQYKDLR,0.7654905915260315,0.019560813903808594,2,R8K;K11R,True,PASS,-0.020439186096191407,2.0,True,True,True,False,0,observed,0.3333333333333333,0.0,1.0,0.8958844369987531,0.7771191058991271
27,beam_clear,,,IGERCQYQELK,0.7646234035491943,0.018693625926971436,2,R8Q;D9E,True,PASS,-0.021306374073028565,2.0,True,True,True,False,0,observed,0.3333333333333333,0.0,1.0,0.8946994665678336,0.7762896265974835
28,beam_clear,,,IGERSQFRDLK,0.7645043134689331,0.018574535846710205,2,C5S;Y7F,True,PASS,-0.021425464153289796,2.0,True,True,True,False,0,observed,0.3333333333333333,0.0,1.0,0.8945367357326575,0.7761757150128602
29,beam_clear,,,IGERCQYKDLE,0.7612666487693787,0.015336871147155762,2,R8K;K11E,True,PASS,-0.02466312885284424,2.0,True,True,True,False,0,observed,0.3333333333333333,0.0,1.0,0.890112623502462,0.7730788364517234
30,beam_clear,,,IGERCQYRQLE,0.7607424855232239,0.014812707901000977,2,D9Q;K11E,True,PASS,-0.025187292098999024,2.0,True,True,True,False,0,observed,0.3333333333333333,0.0,1.0,0.8893963797764667,0.7725774658435267
31,beam_clear,,,IGERCQYKQLK,0.7606808543205261,0.014751076698303223,2,R8K;D9Q,True,PASS,-0.025248923301696778,2.0,True,True,True,False,0,observed,0.3333333333333333,0.0,1.0,0.8893121637186228,0.7725185146030359
32,beam_clear,,,IGERCEYRDLR,0.7605030536651611,0.014573276042938232,2,Q6E;K11R,True,PASS,-0.02542672395706177,2.0,True,True,True,False,0,observed,0.3333333333333333,0.0,1.0,0.889069207721961,0.7723484454053726
33,beam_clear,,,TGERSQYRDLK,0.7602927088737488,0.014362931251525879,2,I1T;C5S,True,PASS,-0.025637068748474122,2.0,True,True,True,False,0,observed,0.3333333333333333,0.0,1.0,0.888781781737308,0.7721472472161156
34,beam_clear,,,MGERCQYRELK,0.7598865628242493,0.013956785202026367,2,I1M;D9E,True,PASS,-0.026043214797973634,2.0,True,True,True,False,0,observed,0.3333333333333333,0.0,1.0,0.8882268028029286,0.7717587619620501
35,beam_clear,,,IGERCEYRDLE,0.7597896456718445,0.013859868049621582,2,Q6E;K11E,True,PASS,-0.02614013195037842,2.0,True,True,True,False,0,observed,0.3333333333333333,0.0,1.0,0.8880943702013289,0.7716660591409302
36,beam_clear,,,IGERTEYRDLK,0.7530324459075928,0.007102668285369873,2,C5T;Q6E,True,PASS,-0.03289733171463013,2.0,True,True,True,False,0,observed,0.3333333333333333,0.0,1.0,0.8788609835189419,0.7652026884632593
