residue_index,resSeq,name,chain_index,occupancy
0,1,LEU,0,0.005
1,2,GLU,0,0.9775
2,3,GLU,0,0.745
3,4,LYS,0,0.1425
5,6,VAL,0,0.09125
35,36,VAL,0,0.42
36,37,VAL,0,0.0025
37,38,LEU,0,0.465
59,60,GLU,0,0.05125
61,62,ALA,0,0.28875
83,84,ARG,0,0.99625
85,86,ASN,0,0.4775
226,227,CYS,0,0.05875
227,228,ARG,0,0.0725
228,229,LYS,0,0.14125
229,230,PHE,0,0.025
230,231,ARG,0,0.9925
231,232,ASP,0,0.00375
232,233,GLU,0,0.8625
262,263,PHE,0,0.21875
264,265,ALA,0,0.98625
265,266,THR,0,0.99125
266,267,CYS,0,0.00125
267,268,VAL,0,0.0025
