cluster_id,feature_type,x_A,y_A,z_A,n_candidate_features,n_candidate_support,candidate_support,mean_member_occupancy,max_member_occupancy,max_member_distance_to_centroid_A,member_labels
PH001,HBD,49.729013900206475,30.63734443013563,45.59940947737565,3,3,"CF02,CF06,MPNN_NEW_05",1.0,1.0,1.383999813938726,CF02:ARG4:HBD; CF06:ARG4:HBD; MPNN_NEW_05:ARG4:HBD
PH015,HYD,49.179591558192264,41.92650762428608,55.57051418145304,3,3,"CF02,CF06,MPNN_NEW_05",1.0,1.0,1.7294711967958092,CF02:ILE1:HYD; CF06:ILE1:HYD; MPNN_NEW_05:ILE1:HYD
PH016,HYD,53.9105339079303,36.72237776514161,54.23210962279901,3,3,"CF02,CF06,MPNN_NEW_05",1.0,1.0,2.015118840778163,CF02:TYR7:HYD; CF06:TYR7:HYD; MPNN_NEW_05:TYR7:HYD
PH022,ARO,53.9105339079303,36.72237776514161,54.23210962279901,3,3,"CF02,CF06,MPNN_NEW_05",1.0,1.0,2.015118840778163,CF02:TYR7:ARO; CF06:TYR7:ARO; MPNN_NEW_05:TYR7:ARO
PH024,POS,49.860300274870774,30.235134147701725,45.53171332579094,3,3,"CF02,CF06,MPNN_NEW_05",1.0,1.0,1.3800511391500807,CF02:ARG4:POS; CF06:ARG4:POS; MPNN_NEW_05:ARG4:POS
PH002,HBD,56.04742540208811,35.91319367249986,52.67718942357991,3,3,"CF02,CF06,MPNN_NEW_05",0.8233333333333333,1.0,2.2257748682147893,MPNN_NEW_05:TYR7:HBD; CF02:TYR7:HBD; CF06:TYR7:HBD
PH011,HBA,56.04742540208811,35.91319367249986,52.67718942357991,3,3,"CF02,CF06,MPNN_NEW_05",0.8233333333333333,1.0,2.2257748682147893,MPNN_NEW_05:TYR7:HBA; CF02:TYR7:HBA; CF06:TYR7:HBA
PH006,HBD,52.34688114369321,36.47457362047327,50.08531668881656,3,3,"CF02,CF06,MPNN_NEW_05",0.7799999999999999,0.98,1.4048387598780594,CF06:GLN6:HBD; MPNN_NEW_05:GLN6:HBD; CF02:GLN6:HBD
PH003,HBD,43.83099561832342,37.13678583718221,50.78807080240025,3,3,"CF02,CF06,MPNN_NEW_05",0.7333333333333334,1.0,1.3601463256052886,MPNN_NEW_05:HIS5:HBD; CF02:SER5:HBD; CF06:CYS5:HBD
PH010,HBA,43.83099561832342,37.13678583718221,50.78807080240025,3,3,"CF02,CF06,MPNN_NEW_05",0.7333333333333334,1.0,1.3601463256052886,MPNN_NEW_05:HIS5:HBA; CF02:SER5:HBA; CF06:CYS5:HBA
PH017,HYD,52.069077417691645,36.61077084225302,62.514596599861605,2,2,"CF02,MPNN_NEW_05",1.0,1.0,0.9051594548026034,CF02:LEU10:HYD; MPNN_NEW_05:LEU10:HYD
PH004,HBD,52.00069345144331,47.6829637729899,63.670326195859104,2,2,"CF02,CF06",0.94,1.0,0.9461446033945238,CF06:ARG11:HBD; CF02:LYS11:HBD
PH012,HBA,50.300354936847015,39.391811918441476,43.74150863932316,2,2,"CF02,CF06",0.94,0.97,1.5035016852380294,CF02:GLU3:HBA; CF06:GLU3:HBA
PH025,POS,52.00921432769369,47.89612087152616,63.5865252772412,2,2,"CF02,CF06",0.94,1.0,0.9835440972780205,CF06:ARG11:POS; CF02:LYS11:POS
PH031,NEG,50.212890859589386,39.330762337665746,43.894122492833006,2,2,"CF02,CF06",0.94,0.97,1.4831238511734959,CF02:GLU3:NEG; CF06:GLU3:NEG
PH005,HBD,45.476891623062514,33.24567902535988,59.9655619396362,2,2,"CF02,CF06",0.865,0.99,1.3159875627369633,CF06:ARG8:HBD; CF02:ARG8:HBD
PH027,POS,45.15841571536912,33.158155489339855,60.10677244217615,2,2,"CF02,CF06",0.8049999999999999,0.98,1.3886471129722637,CF06:ARG8:POS; CF02:ARG8:POS
