candidate_id,smiles,generation_backend
MOL00001,Cc1c(C(=O)O)ccc(-c2cccc(Cl)c2)c1-c1ccc(-c2ccccc2)cc1,reinvent4_external
MOL00002,O=C(Cc1n[nH]c2ccccc12)N1CCCC1CO,reinvent4_external
MOL00003,CCCOC1CC(C(C)CC)CCC1NCC,reinvent4_external
MOL00004,O=C(NCc1ccc(Oc2ccccc2)cc1)C(c1ccccc1)n1cnc2ccccc2c1=O,reinvent4_external
MOL00005,C=CCC12C=CC=CC1CC(=O)C2,reinvent4_external
MOL00006,Cc1ccc(CNC(=O)C(C)Oc2ccc(C#N)cc2Cl)cc1,reinvent4_external
MOL00007,COC(=O)C=Cc1ccc(OCCCCCCOS(=O)(=O)c2ccc(C)cc2)cc1,reinvent4_external
MOL00008,C=C(C=CC=CC)C(=CC)c1ccnc(C=CC=CC)n1,reinvent4_external
MOL00009,Cc1cc(C(N)Cc2cc(Br)cc(Br)c2)sc1Cl,reinvent4_external
MOL00010,COc1ccc(C=C2SC(=NS(=O)(=O)c3ccccc3)N(c3ccc(C)cc3)C2=O)cc1Br,reinvent4_external
MOL00011,CCCCCCCCC=CCCCCCCCCCCCC(=O)OCCCCCCCCC=CCCCCCCCCCC(=O)NC(CO)C(O)CCCCCCCCCCCCCCCCC,reinvent4_external
MOL00012,Cc1cc(C(=O)N2CC(c3ccncn3)CC2C)cc(C(C)(C)C)n1,reinvent4_external
MOL00013,CCCCCCCCCCC1=C(C)C2CC1C(C(=O)c1cccc(CO)c1F)C(=O)O2,reinvent4_external
MOL00014,CC1C=c2c(C3=CC4CCCC4c4ncccc4N3)nc(NC3CCN(C(=O)NCC4CC4)CC3)nc2=CN1,reinvent4_external
MOL00015,C=CCn1c(SCC(=O)N2CCN(c3ccc(OCC)cc3)CC2)nnc1C(C)NC(=O)c1cccc(F)c1,reinvent4_external
MOL00016,O=S(=O)(NCCC(F)(F)F)C1CC1,reinvent4_external
MOL00017,c1cnc(N2CC3C4CCN(CC4)C3C2)nc1,reinvent4_external
MOL00018,CC1(C(=O)NCc2ccc(CN3CCOCC3)cc2)CCCNC1,reinvent4_external
MOL00019,CC1CN(C(=O)CC23CC4CC(CC(C4)C2)C3)c2ccc(N3CCCC3)cc2O1,reinvent4_external
MOL00020,CC(C)c1nc(Cl)cc(N(C)C(C)(C)C)n1,reinvent4_external
MOL00021,CC(C)N1C(=O)C(=Cc2cccc(OCc3ccc(C(=O)O)cc3)c2)NC1=S,reinvent4_external
MOL00022,FC(F)(F)C(Cl)c1cc(Br)cc(Cl)c1Cl,reinvent4_external
MOL00023,CC(=CSCc1ccccc1)CCCO,reinvent4_external
MOL00024,CCOCCS(=O)(=O)NCC(Cl)CC,reinvent4_external
MOL00025,Cc1ccc(OC2CCc3nc(NS(C)(=O)=O)sc3-c3cccnc32)c(-c2ccccc2O)c1,reinvent4_external
MOL00026,CCc1cccc(C(O)(COC(C)C)C(F)(F)F)c1,reinvent4_external
MOL00027,O=C1C(=Cc2ccc3ccccc3c2)S(=O)(=O)C(=O)N1Nc1ccccc1,reinvent4_external
MOL00028,NC(=S)c1ccc(OC(=O)C=Cc2ccc(F)c(Cl)c2)cc1,reinvent4_external
MOL00029,CC(=O)NCC1CN(c2ccc(N3CCN(c4ncc(CN(C)C)cn4)CC3)c(F)c2)C(=O)O1,reinvent4_external
MOL00030,O=C(C=Cc1nc2ccccc2s1)N1CCC(c2nc(-c3ccc(OC(F)(F)F)cc3)no2)CC1,reinvent4_external
MOL00031,CC1CC2(Br)CC(C)(C)CC(C)(C)N2O1,reinvent4_external
MOL00032,COC(=O)C1OC(OCC2OC(OCc3ccccc3)C(O)C(OCc3ccccc3)C2O)C(OCc2ccccc2)C(OCc2ccccc2)C1OCc1ccccc1,reinvent4_external
MOL00033,CCOc1ccc(C(C)(OCCN2CCC(F)(F)C2)C(=O)N(F)C(=N)N)cc1,reinvent4_external
MOL00034,CC(=O)c1c(C)[nH]c(Cn2nnc(C(=O)N3CC(Oc4cccnc4)C3)n2)c1C,reinvent4_external
MOL00035,N#Cc1ccccc1NC(=O)c1ccc(CN2CCCOc3ccccc32)cc1,reinvent4_external
MOL00036,CC1CC(C)CN(CC(=O)Nc2nc(Cc3ccc(C(C)(C)C)cc3)cs2)C1,reinvent4_external
MOL00037,CN=C(N=P(Oc1ccccc1)(c1ccccc1)c1ccccc1)POc1ccccc1,reinvent4_external
MOL00038,COc1ccccc1N1CCN(C(=O)CCS(C)(=O)=O)CC1,reinvent4_external
MOL00039,CCN(CC)CCNC(=O)NCC(=O)NC(C)(C)C,reinvent4_external
MOL00040,CC(C)(C)OC(=O)N1CC2CCCN2C(C(=O)O)C1,reinvent4_external
MOL00041,c1ccc2c(c1)oc1cc(-c3ccc(NCc4ccc(C5CCCCC5)cc4)cc3)ccc12,reinvent4_external
MOL00042,CC(=O)Nc1ccc(S(=O)(=O)Nc2nc(-c3cccc(F)c3)c(C)s2)cc1,reinvent4_external
MOL00043,COC1(C(=O)NC(C)c2cccc(F)c2F)CCC1,reinvent4_external
MOL00044,COc1cc(N)c(Cl)cc1NC(=O)NC(C)(C)C,reinvent4_external
MOL00045,COC1OC(C)(C)OC1C1OC(C(=O)NC2CCCOc3ccc(C)cc32)CC1C,reinvent4_external
MOL00046,CCCN1CCC2Cc3cc(F)ccc3CC2C1,reinvent4_external
MOL00047,COc1ccc(-c2cccc(C(O)CN)c2)c(F)c1F,reinvent4_external
MOL00048,O=C1c2oc3ccccc3c(=O)c2C(c2cccs2)N1c1ccccc1,reinvent4_external
MOL00049,CC1Cc2cnoc2C(=N)N1,reinvent4_external
MOL00050,Cc1ccc(CN2C(=O)C(CC3=NC=CC3)CC2C(=S)N2CCCCC2)cc1,reinvent4_external
MOL00051,CCOC(=O)C(Cc1c(NC=O)n(C)c2ccc(C)cc12)Nc1ccc(F)c(Cl)c1,reinvent4_external
MOL00052,CC1SCCCC1NS(=O)(=O)c1ccc(F)cc1N,reinvent4_external
MOL00053,Cc1cc(NC(=O)N2CC(OCCO)C2)n(-c2ccccc2)n1,reinvent4_external
MOL00054,COc1cc(C=CCC23CC(C)(C)OC2CC(C)(O)C(CO)O3)cc2c1OCO2,reinvent4_external
MOL00055,CC(C)=CC(F)(c1c(F)c(F)c(F)c(Cl)c1F)C(F)(F)F,reinvent4_external
MOL00056,Cn1cc(CO)nn1,reinvent4_external
MOL00057,CCc1cc(=O)n(CCCOc2ccc(CC(=O)O)cc2)c(C(F)(F)F)c1CCCOc1ccccc1,reinvent4_external
MOL00058,CCc1sccc1-c1nnnn1C1CCN(C(=O)CCOc2ccccc2)CC1,reinvent4_external
MOL00059,CC(C)c1ccc(-c2cccc(-c3ccc(-c4cccc5c4Oc4ccc(F)cc4C5(C)C)cc3)c2)nc1,reinvent4_external
MOL00060,CCCN(CCC)c1cc(N2CCCC2)nc(C)n1,reinvent4_external
MOL00061,CCCN(CCC)C(=O)c1cc([N+](=O)[O-])cc(Cl)c1NC,reinvent4_external
MOL00062,CC(NC1CCC(C)(C)C1)C(C)(C)C,reinvent4_external
MOL00063,N#CNCCc1nc2ccccc2s1,reinvent4_external
MOL00064,CC=Cc1ccc(OCC(=O)NCCOC(C)c2ccccc2)c(OC)c1,reinvent4_external
MOL00065,NCC(O)C(O)C(CO)NC(=O)C(O)CCC(=O)O,reinvent4_external
MOL00066,O=C(CCl)N1CCc2sccc2C1CSc1ccc(F)cc1Cl,reinvent4_external
MOL00067,CCC(CC)N(C)CC(C)(CC)CN,reinvent4_external
MOL00068,Fc1cccc(-c2csc(-c3ccn[nH]3)n2)c1,reinvent4_external
MOL00069,[O-][S+](Cc1cccc(F)c1Cl)C1=NCNC=C1,reinvent4_external
MOL00070,CCC1CCCN(Cc2ccccn2)CC1,reinvent4_external
MOL00071,CCC1(C)C(=O)C(=O)C(C)C1(C)C,reinvent4_external
MOL00072,NC(=O)COC(=O)c1ccc(Cl)c(S(=O)(=O)N2CCCCC2)c1,reinvent4_external
MOL00073,O=C1CC(c2cccc(Cl)c2)n2nc(C(=O)Nc3ccc(F)cc3F)cc2N1,reinvent4_external
MOL00074,CN(CC(N)=S)C(=O)c1ccccc1,reinvent4_external
MOL00075,Cn1cc(OCCOC2=CCCC=C2)cc1N,reinvent4_external
MOL00076,C=C1OC(=O)N2C(O)OC(O)C12C(=O)C=CC1CCC2NCCCN12,reinvent4_external
MOL00077,O=C(COc1cccc([N+](=O)[O-])c1)Nc1ccsc1C(=O)N1CCOCC1,reinvent4_external
MOL00078,O=C(CSc1n[nH]c(-c2ccc(F)cc2)n1)NC1CCCCC1,reinvent4_external
MOL00079,C(=Cc1ccccc1)Sc1nccn1-c1cccc2nonc12,reinvent4_external
MOL00080,O=S(=O)(O)c1nc2ccccc2nc1C1CC(OC2OC(CO)C(O)C(O)C2O)CN1,reinvent4_external
MOL00081,CCC1c2ccc(C)n2CCN1C(C)c1ccccc1,reinvent4_external
MOL00082,CCOC(=O)C(Cl)=C(CCNC)NCc1ccccc1,reinvent4_external
MOL00083,O=C(Nc1ccc(Cl)cn1)c1c(Nc2ccc(F)c(Cl)c2)nc(N2CCOCC2)nc1NC1CCNCC1O,reinvent4_external
MOL00084,Cc1ncc(-c2cc(C(=O)N3CCOCC3)no2)c(C2CC2)n1,reinvent4_external
MOL00085,CCCNC(=O)N1c2ccccc2CC1CN1CC(CC)n2c(=O)n(c(=O)c3ccccc32)CC1C(=O)N1CCOCC1,reinvent4_external
MOL00086,CCCCCCNC(=O)C1CCCN1C(=O)CN1CCN(Cc2ccccc2)C1=O,reinvent4_external
MOL00087,CCCCC(CCN1CCC(C)CC1)C(=O)O,reinvent4_external
MOL00088,CC1CN(CC(=O)Nc2cccc(C#N)c2)CCN1,reinvent4_external
MOL00089,CCN=C(C)N(C)Cc1cc(Br)ccc1F,reinvent4_external
MOL00090,CC1CCN(c2c(F)cc(CO)cc2F)C1,reinvent4_external
MOL00091,Oc1ccc(-n2nnnc2C2CNC2)cc1,reinvent4_external
MOL00092,CCCCCCCCC(C)(C)CNC(=O)CNC1CC1,reinvent4_external
MOL00093,Cc1ccc(CNS(=O)(=O)c2ccc3c(c2)n(C)c(=O)n3-c2ccc(F)cc2)cc1,reinvent4_external
MOL00094,CC(=O)NC1C(O)OC(COC2OC(COC3OC(CO)C(O)C(O)C3NC(C)=O)C(O)C(O)C2O)C(O)C1O,reinvent4_external
MOL00095,CN1CCCc2cc(CCNC(=O)c3ccncc3Cl)ccc21,reinvent4_external
MOL00096,Cc1nc(NC2CCCC2(C)C)sc1CCCNC(C)(C)C,reinvent4_external
MOL00097,COC1=c2c(O)c3c(c(=O)c(F)c2C(O)=C1O)=COC3=O,reinvent4_external
MOL00098,CCC(=CC=CO)C(C)=N,reinvent4_external
MOL00099,CC1CC(C)CC(C(C)C)C1,reinvent4_external
MOL00100,Cc1nn(-c2ccc(C(F)(F)F)cc2)cc1C(=O)Nc1cccnc1,reinvent4_external
MOL00101,COC(=O)c1ccc(C2OCC2c2ccc(OC)cc2)c2c(OC3CCOC3)nccc12,reinvent4_external
MOL00102,CCCN(CCNC(=O)c1nn(C)cc1Cl)C(=O)OC(C)(C)C,reinvent4_external
MOL00103,Cc1cnnc(N2CCC(N3CCCCC3)C2)c1C#N,reinvent4_external
MOL00104,Cc1cccc(CC(CCCCl)Nc2cc(Cl)c(Cl)c(Oc3cccc(F)c3)c2)c1,reinvent4_external
MOL00105,O=C(c1ccc(F)c(O)c1)c1ccc(Br)c(F)c1F,reinvent4_external
MOL00106,C[P+](C)(Cc1cccc(Nc2ccccc2-c2ccccc2)c1N)c1ccccc1,reinvent4_external
MOL00107,CCN(CC)C(=O)CNC(=O)c1cc(S(=O)(=O)Nc2ccc(F)cc2)ccc1Cl,reinvent4_external
MOL00108,CC(C1=CCC=CC=C1)N(C)Cc1ccccc1,reinvent4_external
MOL00109,O=c1[nH]c(=S)[nH]c(-c2cccs2)c1C(F)(F)F,reinvent4_external
MOL00110,CC(CC(=O)N1CCC(C(O)c2cccc(F)c2)CC1)c1ccccc1,reinvent4_external
MOL00111,COCC(Cl)CCCl,reinvent4_external
MOL00112,CCS(=O)(=O)N(C)c1ccc(CNC(=O)c2cc(C)sc2C)cc1Cl,reinvent4_external
MOL00113,CC(C)(C)c1ccc(-c2nc(-c3ccc(C(=O)N4CCN(C5CCCC5)CC4)o3)no2)cc1,reinvent4_external
MOL00114,CC1=C(C=Cc2cccc(C)c2)C(C)(C)CCC1,reinvent4_external
MOL00115,CC(C)(C)OC(=O)NCCc1c[nH]c2c(NC(=O)OC(C)(C)C)cccc12,reinvent4_external
MOL00116,O=CCCOCCCN1C(=O)NC(=O)C1=O,reinvent4_external
MOL00117,CC(C)c1nnc(NNC(=O)CCc2nc3ccccc3s2)[nH]c1=O,reinvent4_external
MOL00118,CC(C=CC(C)(C)C)=CC=O,reinvent4_external
MOL00119,CCCOC(=O)CC(CCN)c1ccc(OC)cc1,reinvent4_external
MOL00120,CC(=O)NC(=Cc1ccsc1)C(=O)C(C#N)c1nc2ccccc2n1C(C)=O,reinvent4_external
MOL00121,N#Cc1ccc(NCC2CCCCC2C(=O)O)cc1,reinvent4_external
MOL00122,Cn1cc(C2CN(C(=O)C3CC4CCC3C4)CCO2)cn1,reinvent4_external
MOL00123,CCOc1cc(C=CC(=O)Nc2nc(-c3ccccc3)c(C)s2)ccc1O,reinvent4_external
MOL00124,COc1cc(Cl)c(NC2(CO)CCCCC2)cc1F,reinvent4_external
MOL00125,CC(C)NC(=O)CCNC(=O)c1cccc([N+](=O)[O-])c1Nc1ccc(Oc2ccccc2)cc1,reinvent4_external
MOL00126,CC(=CC#N)CC12C(C#N)=C(C#N)C(C#N)(C#N)C(C#N)=C1C(=O)C2=C(C#N)C#N,reinvent4_external
MOL00127,COc1ccccc1OCCNC(=O)CN(c1ccccc1Br)S(=O)(=O)c1ccc(C)cc1,reinvent4_external
MOL00128,NC(=O)c1c(NC(=O)c2cc3c(-c4ncccc4Cl)ccc(F)c3[nH]2)cnn1CCN1CCCC1,reinvent4_external
MOL00129,Cc1nn(-c2ncccc2CN)cc1Cl,reinvent4_external
MOL00130,C=CC(Cc1ccc(OCOC)cc1)NC(=O)OC(C)(C)C,reinvent4_external
MOL00131,CCCCCCCCCCCCNC(=O)c1ccc(-n2c3ccccc3c3ccc(-c4ccc(C(C)(C)C)cc4)cc32)cc1,reinvent4_external
MOL00132,COCC(N)C(=O)NCc1cncn1C,reinvent4_external
MOL00133,CCC=Cc1c(OCCC2CCN(Cc3nnc(-c4ccccc4OC)o3)C2)n(C(C)C)[nH]c1=O,reinvent4_external
MOL00134,CCNC(=O)c1cc(NCc2ccc(C#N)cc2)ccn1,reinvent4_external
MOL00135,COc1cc(C=C2SC(=O)N(c3ccccc3)C2=O)ccc1OCCOc1ccccc1,reinvent4_external
MOL00136,Cc1noc(CN(C)C(=O)c2ccc3c(c2)C2(CCOCC2)OC3)n1,reinvent4_external
MOL00137,Cc1ccc(CCC(=O)NCC2(CCBr)CC2)o1,reinvent4_external
MOL00138,Fc1ccc2nccc(Nc3ccc(Br)cc3)c2c1,reinvent4_external
MOL00139,COCCCNC(=O)CCCC(=O)Nc1nc(-c2ccccc2)cs1,reinvent4_external
MOL00140,CC(NC(=O)CN(c1ccccc1F)S(=O)(=O)N(C)C)c1ccc(F)cc1Br,reinvent4_external
MOL00141,Cc1nn(C)c(Br)c1C=O,reinvent4_external
MOL00142,COc1ccc(NC(=O)C2CCCN(c3cc(-c4ccc5cncnc5c4)c(F)cn3)C2)cc1F,reinvent4_external
MOL00143,CCCn1cc2c(n1)C(C(=O)OC)C(=O)CC2,reinvent4_external
MOL00144,Cc1cc(CC2(N)CCC(C)(C)OC2C)n(C)n1,reinvent4_external
MOL00145,CC(CCO)NCc1ccc(Cl)s1,reinvent4_external
MOL00146,NNC(Cc1sccc1Br)c1ccco1,reinvent4_external
MOL00147,CC(O)C1(C)CC2CC2C2C1CCC(C)(O)C1OC3(C)CCC4(CCC21O4)C3O,reinvent4_external
MOL00148,CCC1=C(C(N)=O)C(CC(C)=O)CC1,reinvent4_external
MOL00149,CNC1CCN(CC(=O)Nc2ncc(F)cc2C)CC1,reinvent4_external
MOL00150,COc1c(C)ccc2sccc12,reinvent4_external
MOL00151,COCCOc1cc(N2CCCC(NC(=O)C(F)(c3nc(C4CC5(CC5)C(NC(=O)C5CC5)CO4)ccc3F)C(F)(F)F)C2=O)ccc1Cl,reinvent4_external
MOL00152,CCCCCCCOc1ccc(-c2ccc(CCCCOC)cc2)nc1,reinvent4_external
MOL00153,O=c1cccc(-c2ccc(-c3ccc(-c4ccc5cc(C6CC(c7ccccc7)=NN6)c6ccccc6c5c4)cc3)cc2)[nH]1,reinvent4_external
MOL00154,CN=C(NCCN1CCOCC1)NC1CCC(C)(C)CC1,reinvent4_external
MOL00155,COc1ccc(Cc2cc(SC(N)=NC(C)=O)[nH]c(=O)n2)cc1,reinvent4_external
MOL00156,COc1ccc(C(C)N2C(=O)C3C4ON=C(c5ccccc5)C4C3C2=O)cc1,reinvent4_external
MOL00157,Cc1nc(CNC(=O)c2cc(NS(=O)(=O)c3ccc(F)cc3C)c3cccnc3c2O)no1,reinvent4_external
MOL00158,CC(Cc1nc(=O)cc(O)[nH]1)Nc1cc2ccccc2c2ccccc12,reinvent4_external
MOL00159,OCCCN(Cc1ccccc1)C(Cc1ccccc1)C(O)OCc1ccccc1,reinvent4_external
MOL00160,COc1cc(Nc2ncnc(Cl)c2N)cc(OC)c1,reinvent4_external
MOL00161,O=S(=O)(O)c1ccc2cc(O)c(N=NCc3ccc(O)c(O)c3)c(O)c2c1,reinvent4_external
MOL00162,O=C(CCOc1ccccc1)c1cccs1,reinvent4_external
MOL00163,CCOC(=O)Cn1c2ccccc2c2cnn(CC(=O)Nc3cccc(C)c3C)c(=O)c21,reinvent4_external
MOL00164,C=CC=c1c(=O)[nH][nH]c1=CC,reinvent4_external
MOL00165,O=C(CNC(=O)c1ccc(Cl)cc1)NN=Cc1cccc(O)c1OC(=O)c1ccccc1F,reinvent4_external
MOL00166,O=C(O)CN1CCN(c2cccc(C(=O)O)n2)CC1=O,reinvent4_external
MOL00167,COc1ccc(CCC(=O)NC2CCN(Cc3ccccc3Cl)CC2)cc1OC,reinvent4_external
MOL00168,NC(N)=NCCCC(NC(=O)CCC(N)C(=O)O)C(=O)NC(Cc1ccccc1)C(=O)NC(Cc1ccccc1)C(=O)O,reinvent4_external
MOL00169,O=C1CC(c2cccnc2)SC(=O)N1,reinvent4_external
MOL00170,CC1=Cc2c(n(-c3ccccc3)c3cc(C)c(-n4c5ccc(Cl)cc5c5ncccc54)cc23)CC=C1,reinvent4_external
MOL00171,Cc1c(C(=O)NC2CCCC(=O)N2C(=O)O)ccc2c1NC(O)N2,reinvent4_external
MOL00172,BCCCC1COCCN(CC(NC(=O)OC(C)(C)C)c2ccccc2)C1=O,reinvent4_external
MOL00173,CC(NC(=O)COC(=O)c1ccc(F)cc1N)c1ccc(Cl)cc1F,reinvent4_external
MOL00174,CCOc1ccccc1-c1nnc(C(C)Cl)s1,reinvent4_external
MOL00175,OC1(c2ccc(C3CC3)cc2F)CCOCC1,reinvent4_external
MOL00176,CNC(c1ccccc1OC)C1CN(Cc2ccccc2)CCO1,reinvent4_external
MOL00177,C=C1CCC(NCCC)C(C)C1,reinvent4_external
MOL00178,COC(=O)c1cccc(F)c1N(C(=O)OC(C)(C)C)S(=O)(=O)c1cnc(NC(=O)OC(C)(C)C)s1,reinvent4_external
MOL00179,CCOc1ccccc1C1C(O)=C(Sc2cccc(C(N)=O)c2)Nc2ccccc2N1C(=O)CO,reinvent4_external
MOL00180,Cc1ccc(CSc2nnc(CCC(=O)Nc3ccc4c(c3)OCO4)n2-c2cc(C)ccc2C)cc1,reinvent4_external
MOL00181,CCNC(=NCc1csc(Cc2ccccc2)n1)NCC(NC(=O)OC(C)(C)C)c1ccc(Cl)cc1,reinvent4_external
MOL00182,CC1(C)CC2CC1C1(C=O)CC2(C)O1,reinvent4_external
MOL00183,Cc1cc(C)c(-n2c(C)cc(C=NN3CCN(c4ccccc4)CC3)c2C)c(C)c1,reinvent4_external
MOL00184,CCc1nc2c(F)ccc(-c3ccccc3)c2s1,reinvent4_external
MOL00185,CC(C)NCCOc1ccc(OC(F)F)c(Cl)c1,reinvent4_external
MOL00186,CC(=O)c1sc(C(C)NC(=O)c2ccccc2)nc1C,reinvent4_external
MOL00187,CC1(C)CCC(C)(C)c2c1sc(C(=O)NN=CC1C3N(C(C)(C)C)C(=O)C1(Br)C3(C)Cl)c2O,reinvent4_external
MOL00188,Cc1cnccc1OC1CCN(C(=O)c2cnccc2C(F)(F)F)CC1,reinvent4_external
MOL00189,Cc1ccsc1-c1ncc(C(=O)N2CCN(Cc3ccccc3)CC2)c(C)n1,reinvent4_external
MOL00190,NC(=NO)c1ccc(N2C(=O)c3ccccc3C2=O)cc1,reinvent4_external
MOL00191,CCSC1CCC(NC(=O)C2(C#N)CCCC2)C1,reinvent4_external
MOL00192,CC(O)CCNCc1cc2ccccc2n1C(C)C,reinvent4_external
MOL00193,O=C(CC1CCCN1C(=O)NC1CCCCCC1)N1CCN(CC2CC2)CC1,reinvent4_external
MOL00194,COc1ccc(C(Cl)c2ccc(C(F)(F)F)c(Br)c2)cc1Cl,reinvent4_external
MOL00195,CSCCN(C)c1ccc(C(C)N)cc1F,reinvent4_external
MOL00196,CCCC[P+](=O)OC(CO)OO,reinvent4_external
MOL00197,O=C(CN1CCCCCC1c1ccc(Cl)cc1)N1CCCC1c1cccnc1,reinvent4_external
MOL00198,C=C(O)CCCc1ccccc1O,reinvent4_external
MOL00199,CC(C#N)N(C(=O)NCCO)C(=O)c1c(C(=O)P)cc(C#N)c2ccccc12,reinvent4_external
MOL00200,CC(F)=CC=C(C)CN1CCN(c2ncc(C3CC3)c(Nc3ccc(Cl)cc3S(N)(=O)=O)n2)CC1,reinvent4_external
MOL00201,Cc1cnc(S(=O)(=O)C2(C#N)CC2)[nH]1,reinvent4_external
MOL00202,CCCCc1ccc(N=C(NN=Cc2cc(SCC(O)COc3ccc4ccccc4c3)ccc2O)SCC(=O)O)cc1,reinvent4_external
MOL00203,CC(C)CC(O)CCC1CCOC1,reinvent4_external
MOL00204,CCOc1cc(-c2nc(-c3ccncc3)c(CC)s2)ccc1OC(C)C,reinvent4_external
MOL00205,CC(C)C(C)c1cc(C=O)c2cc(Cl)c(F)cc2n1,reinvent4_external
MOL00206,COc1ccc(N2N=C(C)C3C(=O)C=C(Cl)C(=O)C32)cc1,reinvent4_external
MOL00207,COCCN(NC(=O)COc1cc(C)cc(C)c1C)C(=O)Nc1cccc(C)c1C,reinvent4_external
MOL00208,CC1CCC(CN)C(NS(C)(=O)=O)C1,reinvent4_external
MOL00209,CC(=O)c1sc(NCC2CC3CCCC(C3)C2)nc1C,reinvent4_external
MOL00210,c1ccc(COC2CCC3CNCC3C2)cc1,reinvent4_external
MOL00211,C=CC(=O)NCCCCn1cc(C#CC(=CNc2nc3ccc(OCCOCCF)cc3[nH]2)c2nc(N)c(C)c(N)n2)nn1,reinvent4_external
MOL00212,CCC(CC(N)=O)N1CCCc2cc3sc(=O)[nH]c3cc21,reinvent4_external
MOL00213,CCc1ccc(C(Br)c2cccc(C)c2)cc1,reinvent4_external
MOL00214,O=C(c1cccs1)N1CCOCN(c2ccc(OC3CCCCO3)cc2)CC1,reinvent4_external
MOL00215,C=C(C)C(=CC1=CC=CCC=C=C1)c1nnc2c(n1)CCN1CCN(C(C)=O)C21,reinvent4_external
MOL00216,C=C(C=CO)CCCNCCO,reinvent4_external
MOL00217,COc1cc(-c2nnc(C)c3c2c(N)nn3Cc2cncc(F)c2)ccc1C(F)(F)F,reinvent4_external
MOL00218,O=C(O)C1CN(C(=O)c2ccccc2)CCO1,reinvent4_external
MOL00219,Cc1ccnc(N2CC(CBr)CC2=O)c1,reinvent4_external
MOL00220,CN(Cc1ccccc1-c1ccccc1)C(=O)c1ccc(S(=O)(=O)N(C)C)cc1,reinvent4_external
MOL00221,Cn1c(=O)cc(N)n(CCc2noc(C3CC3)n2)c1=O,reinvent4_external
MOL00222,Cc1ccccc1OC(=O)c1ccc(Br)cc1,reinvent4_external
MOL00223,COCc1ccccc1NC(=O)C1CCNC(C)C1C,reinvent4_external
MOL00224,Cc1ccc(CN2CCN(CC(=O)NCc3cccc(C(C)C)c3)CC2)cc1,reinvent4_external
MOL00225,CNCC(c1ccccc1)n1c(=O)c(CC(=O)O)cc2cnc(Nc3c(Cl)c(OC)cc(OC)c3Cl)cc21,reinvent4_external
MOL00226,Cc1c(C(=O)O)coc1C=O,reinvent4_external
MOL00227,CC1C(CSc2ccc(C(=O)O)cc2)OC(c2ccc(CCCCCN(C)C)cc2)OC1c1ccc(CO)cc1,reinvent4_external
MOL00228,NC(=O)c1cccc(N2CCC3(CC2)CCN(c2ncc(Cl)c(Oc4ccc(F)c(CCC(F)(F)F)c4)n2)CC3)n1,reinvent4_external
MOL00229,O=C(Cc1cccc(F)c1F)C(O)c1cc(F)c(F)c(F)c1,reinvent4_external
MOL00230,CCCCCCN(Cc1nc(CN2CCCCC2)cs1)C(=O)CCCCCNC(=O)C=Cc1ccccc1,reinvent4_external
MOL00231,c1ccc(C2C3CC2C(c2cnccn2)=N3)cc1,reinvent4_external
MOL00232,COC(=O)c1ccccc1Nc1cc(C(=O)Nc2ccccc2Cl)ncn1,reinvent4_external
MOL00233,CC(=O)NCCSCC(=O)O,reinvent4_external
MOL00234,CC(=O)Nc1ccc(S(=O)(=O)Nc2ccc3nc(C(C)(C)C)sc3c2)cc1,reinvent4_external
MOL00235,O=C(CNC(=O)c1ccccc1Br)NN=Cc1ccccc1[N+](=O)[O-],reinvent4_external
MOL00236,CC(C)(C)OC(=O)NCc1ccc(-n2c(=O)n(CC3CCCCC3)c3ccccc32)cc1,reinvent4_external
MOL00237,COc1ccc(OC)c(NC(C)c2nc3ccccc3s2)c1,reinvent4_external
MOL00238,C#Cc1cccc(C(C)C(=O)OC)c1,reinvent4_external
MOL00239,O=C1C(=O)N(c2nccs2)C(c2ccccc2)C1=C(O)c1ccc(Cl)cc1,reinvent4_external
MOL00240,Cc1ncccc1OC1=C(Cl)C=C(c2c(-c3cnn(C)c3)ncn2CC(=O)N2CCCC(CO)C2)CC1,reinvent4_external
MOL00241,O=C(O)c1cc(Oc2ccc(I)cc2F)c(=O)n(C2CC2)c1,reinvent4_external
MOL00242,CC(=O)Cn1nnc(-c2cccc([N+](=O)[O-])c2)n1,reinvent4_external
MOL00243,CC(Oc1cccc(Cl)c1)C(=O)NCCc1cnccn1,reinvent4_external
MOL00244,CC(C)COC(=O)Nc1ccc(C(F)(F)F)cn1,reinvent4_external
MOL00245,CC1=NN(c2nc(CC(=O)OC3CCCC3)cs2)C(=O)C1c1ccccn1,reinvent4_external
MOL00246,COc1c(C)cc(C)cc1S(=O)(=O)N1CCN(C(=O)c2ccccc2NS(C)(=O)=O)CC1,reinvent4_external
MOL00247,CC(CN(C)C(=O)C1COCCN1)C(=O)O,reinvent4_external
MOL00248,NC(Cc1cccc(CNC(=O)c2cc(-c3ccccc3)cc(-c3ccccc3)n2)c1)C(=O)O,reinvent4_external
MOL00249,CCOc1ccc(NC(=O)CC(NC(C)=O)c2ccc(OC)cc2)cc1OCC,reinvent4_external
MOL00250,N#Cc1ccc(F)c(N2CC(=O)CC2=O)c1,reinvent4_external
MOL00251,CCC(=O)NC1CCNC1COc1ccc(Oc2ncccc2C#N)nc1,reinvent4_external
MOL00252,CCC(C)N(C)C(=O)c1ccc(OC)c(S(=O)(=O)Nc2cccc(C)c2)c1,reinvent4_external
MOL00253,COc1ccc(OC)c(OCCCNC(C)O)c1OC,reinvent4_external
MOL00254,c1cnnc(N2CCNCC2)c1,reinvent4_external
MOL00255,O=C(O)CCOC(=O)c1ccc(OCC(=O)Nc2ccccc2)cc1,reinvent4_external
MOL00256,Cc1ccc(CC(N)Cc2ccccc2C(C)(C)C)s1,reinvent4_external
MOL00257,CN1C(=O)C(=O)c2cc(Oc3ccccc3C(=O)Nc3cccc4ccccc34)ccc21,reinvent4_external
MOL00258,Cc1cccc(C(C)CNC(C)C(N)=NO)c1,reinvent4_external
MOL00259,NC(=O)c1nc2nccc(N)n2n1,reinvent4_external
MOL00260,CCn1c(-c2ccc3ccccc3c2)csc1=O,reinvent4_external
MOL00261,Nc1cc(-c2cccc(-c3cccc(O)c3)c2)nc(Cc2ccc(CS(=O)(=O)O)cc2)n1,reinvent4_external
MOL00262,COc1cc(C(c2cc3cc(C)ccc3[nH]c2=O)N2CCCC2)ccc1OC(=O)c1ccccc1,reinvent4_external
MOL00263,CCCCC1CCC(CCl)(Cc2ncnn2C)CC1,reinvent4_external
MOL00264,OCC12CCN(CF)C1C1CC(CC34CCCC5CCOC1C(CC3)C54)C2,reinvent4_external
MOL00265,CC(C)(C)OC(=O)NCc1cccc(C2CN2C(=O)ON)c1,reinvent4_external
MOL00266,c1ccc(-c2ccc(-c3nc4c5c6ccccc6n(-c6ccccc6)c5ccc4n3-c3ccc(-c4nc(-c5ccccc5)nc(-c5ccccc5)n4)cc3)cc2)cc1,reinvent4_external
MOL00267,CCNC(c1ccc(F)cc1Cl)C(C)(C)N(C)C,reinvent4_external
MOL00268,CCN(c1ccc(NC(=O)NC2CN(C)CC2C)cc1)C(C)C,reinvent4_external
MOL00269,COc1ccc(Br)cc1C(=O)NC(=S)NNC(=O)CCc1ccccc1,reinvent4_external
MOL00270,CC(C)OC(=O)C(NC(=O)c1ccc(F)cc1)C(C)C,reinvent4_external
MOL00271,Fc1ccc(Cc2noc(C3CCCCC3)n2)cc1,reinvent4_external
MOL00272,COc1ccc(C2C3=NNC(C)(NC2CO)N3Cc2ccccc2)cc1,reinvent4_external
MOL00273,O=C(O)CSCC(=O)Nc1nc(-c2cc3ccccc3o2)cs1,reinvent4_external
MOL00274,CCOCCCNC(=O)c1ccccc1C1CCN(CCCC(=O)OC(C)(C)C)CC1,reinvent4_external
MOL00275,CCCCCCOC(=O)C(C)OC(=O)c1cc(O)c2ccccc2c1,reinvent4_external
MOL00276,O=S(=O)(Nc1cc(F)ccc1Br)c1ccc(F)cc1Cl,reinvent4_external
MOL00277,C=Cc1cc2c(F)c(F)c(C)cc2c(F)c1C=C(F)c1c(F)cc(C2CCC(CC=CC)CC2)cc1F,reinvent4_external
MOL00278,Cn1c(Sc2ncccc2S(N)(=O)=O)n[nH]c1=O,reinvent4_external
MOL00279,CCC1CCCCN1C(=O)NC(CO)C(=O)O,reinvent4_external
MOL00280,COC(=O)C(C)=Cc1ccc(C)cc1Cl,reinvent4_external
MOL00281,CC(C)CN1CCN(C(=O)C2CC2C(=O)O)CC1,reinvent4_external
MOL00282,Cc1ccc(S(=O)(=O)N(CC(=O)N(Cc2ccccc2)C(Cc2ccccc2)C(=O)NC2CCCCC2)c2ccccc2F)cc1,reinvent4_external
MOL00283,COc1cc(C(=O)c2ccc(OS(=O)(=O)CC(C)(F)F)c(F)c2)c(C)cc1NC(C)=O,reinvent4_external
MOL00284,CCCOc1c(Cl)cc(C(=O)Nc2ccc3c(c2)C(=O)N(c2cccc(Cl)c2)C3=O)cc1OC,reinvent4_external
MOL00285,CC1CCCC(Nc2cncc(N(C)c3ccccc3)n2)C1C,reinvent4_external
MOL00286,Nc1cnnn1-c1cccc(C(=O)NC2CN3CCC2CC3)c1,reinvent4_external
MOL00287,Nn1c(SCc2cn3nc(Cl)ccc3n2)nnc1-c1cccs1,reinvent4_external
MOL00288,CC(CO)c1cc(Br)ccc1O,reinvent4_external
MOL00289,O=C(Nc1ccc([N+](=O)[O-])cc1)c1nc2ccccn2c(=O)c1-c1ccccc1,reinvent4_external
MOL00290,COc1cc(C)c(-c2ccc(S(=O)(=O)c3cn4nc(CCCC5CCCC(O)(C(=O)O)C5)nc4c4ccccc34)c(F)c2)cc1OC,reinvent4_external
MOL00291,CCC(C(=O)Nn1c(C)cnc1CN1c2ccccc2CC1C)c1ccccc1,reinvent4_external
MOL00292,COc1cccc(OC)c1C(CC(=O)NCC1CCCO1)c1nccs1,reinvent4_external
MOL00293,CN1CCN(c2nn(CCP(C)(C)=O)c3ccccc23)CC1,reinvent4_external
MOL00294,O=C(CCc1nc(-c2cccs2)no1)Nc1cccc(N2CCN(C(=O)C3CC3)CC2)c1,reinvent4_external
MOL00295,CCCNC(=O)C(c1ccccc1)N(C(=O)C(CC(C)C)NC(=O)OC(C)(C)C)C(C)C,reinvent4_external
MOL00296,OC(O)C12CC3C4C5CC5C3C1C42,reinvent4_external
MOL00297,Cc1cccc(Cc2nnc3c(C)c(C(=O)NCCCc4ccccc4C)cnn23)c1,reinvent4_external
MOL00298,CC(Oc1ccccc1)c1nc(-c2cccc([N+](=O)[O-])c2)no1,reinvent4_external
MOL00299,Cc1ccccc1CN(C)CC(=O)NCc1ccc(Cl)cc1F,reinvent4_external
MOL00300,CC(=O)c1ccc(F)cc1NC1COc2ccccc2C1,reinvent4_external
MOL00301,O=C(CCc1nc(-c2cccs2)no1)Nc1nc2ccccc2o1,reinvent4_external
MOL00302,Cc1cccc(C(C)(C)ON)c1O,reinvent4_external
MOL00303,CCCCCCCn1c2ccc(OC)cc2c2c(NC3CCCN(C)C3)n[nH]c(=O)c21,reinvent4_external
MOL00304,CC(C)CCCC(Cc1cc(Br)cs1)NN,reinvent4_external
MOL00305,Cc1c(C=C2SC(=O)N(Cc3ccc(C(F)(F)F)cc3)C2=O)ccc2c1OCCO2,reinvent4_external
MOL00306,Cc1c(C(=O)OC(C)C)sc2nc(C(c3ccccc3)S(=O)(=O)c3ccccc3)nc(N3CCN(c4ccccn4)CC3)c12,reinvent4_external
MOL00307,CCNC(c1ccc(F)c(F)c1)C1CCCCC1C,reinvent4_external
MOL00308,Cc1ccc(NC(=S)N(Cc2ccccc2)Cc2ccc3c(c2)OCO3)cc1C,reinvent4_external
MOL00309,Cc1ccc2ccn(C3CC(C)C(COc4nc(N(C)C)nc(N5CCC(NCCCN)CC5)n4)O3)c2n1,reinvent4_external
MOL00310,C=C(Cn1ccc2cccnc21)NC(Cc1ccccc1)C(=O)O,reinvent4_external
MOL00311,CC=CCNCC(C)C=Cc1ccc(-c2cnc(N)c(-c3ccc4c(Br)cncc4c3)n2)cc1,reinvent4_external
MOL00312,CCOC(=O)Cc1ccc([O-])cc1-c1cc[n+](C)c(-c2ccc(N)cc2)c1,reinvent4_external
MOL00313,CCc1cccc(NC(=O)CN(C)Cc2nc(-c3ccccc3C)no2)c1,reinvent4_external
MOL00314,CC1CCCN1NC(=O)Cn1cc([N+](=O)[O-])ccc1=O,reinvent4_external
MOL00315,Cc1ccc(-c2nnnn2-c2ccnc(-n3cccn3)c2)cc1,reinvent4_external
MOL00316,CCCC(CNc1cc(C(=O)OC)ccn1)CC(C)C,reinvent4_external
MOL00317,COc1ccc2c(Oc3cccc(CC(=O)N=c4oc5ccc(F)cc5c(C)c4Br)c3)ccnc2c1NS(C)(=O)=O,reinvent4_external
MOL00318,Cc1ccc(Cn2c(CCl)nc3ccc(C)c(C)c32)cc1,reinvent4_external
MOL00319,CC(=N)c1ccc(C(=O)Nc2ccc(S(=O)(=O)N3CCCC3)c(C(F)(F)F)c2)cc1,reinvent4_external
MOL00320,COC(C)(CC[N+]1(C)CCC(C)(O)C1)C(C)CCC(C)(C)C(=O)O,reinvent4_external
MOL00321,CN1C(=O)COc2ccc(C(=O)N3CC(CN)C3)cc21,reinvent4_external
MOL00322,Brc1cccc(Nc2cnnc(N3CCN(Cc4ccccc4)CC3)n2)c1,reinvent4_external
MOL00323,Cc1ccc(C)c(C2CC(=O)N(CCC(=O)O)c3cc(Cl)ccc3S2)c1,reinvent4_external
MOL00324,CCC(CC)CNc1cc(N)ccc1CC(N)=O,reinvent4_external
MOL00325,COc1ccc(Cl)cc1CC(=O)N1CCCC1CNC1CC1,reinvent4_external
MOL00326,CN1CCCC1(Cc1ncn[nH]1)C(=O)O,reinvent4_external
MOL00327,N#CCC(=O)Nc1c2nc[nH]c(=O)c2nn1Cc1ccccc1,reinvent4_external
MOL00328,CCc1ccc(O)c(N=Cc2cc3ccccc3n(C)c2=O)c1,reinvent4_external
MOL00329,C1CCC2OSNC2C1,reinvent4_external
MOL00330,O=C1C2C3CCC(C3)C2C(=O)N1c1ccc(Cl)c(F)c1,reinvent4_external
MOL00331,COc1ccc(F)cc1C(Nc1cc(=O)oc2c(Br)cccc12)C1=C(O)CC(C)(C)CC1=O,reinvent4_external
MOL00332,CCC(=O)CC(c1ccc(-c2cccc(C(N)=O)c2)c(F)c1O)C1NCc2ccccc2N1,reinvent4_external
MOL00333,Brc1ccn2cc(CNC3CC3)nc2c1,reinvent4_external
MOL00334,CCOC(=O)C(C)(C)OCCOc1ccc(C(=O)NO)cc1,reinvent4_external
MOL00335,Cc1ccc(NC(=S)NC2c3ccccc3OC3CN(c4ccc(C)cc4F)CC32)cc1,reinvent4_external
MOL00336,COc1cnccc1-c1ccc2[nH]c(CC3=CCC4(C(COCC=O)C(=O)O)C5CCC(C)(CCC6C5(C)CCC5C(C)(C)C7CCC56OC5(CCC6CCCCC6CC5)NC(=O)N7)C4(C)C3)nc2c1,reinvent4_external
MOL00337,Cc1nc(CN(Cc2ccc(C(=O)CCCNC(=O)OC(C)(C)C)cc2)S(C)(=O)=O)no1,reinvent4_external
MOL00338,CCC(CC)(CN(C)C)c1ncc2c(n1)CCN(Cc1ccsc1)C2,reinvent4_external
MOL00339,CCOc1ccc(NC(=O)C(C)Cn2nc(C)c(Cl)c2C)cc1,reinvent4_external
MOL00340,CC(C)C(N)=CC=C(C=NCC(=O)O)C(=N)N,reinvent4_external
MOL00341,O=c1cnn(C2CCN2)s1,reinvent4_external
MOL00342,CCCCCCC(S)CN(CCCS)CCCC[N+](C)(CCCSC)CCc1ccc(CCCCS)cc1,reinvent4_external
MOL00343,CC1(C)CN(c2ccc(Br)cc2)c2c(Cl)nc(-c3ccc(F)cc3)nc21,reinvent4_external
MOL00344,C[N+](CCN)(CC(=O)O)CC(=O)NCCOc1cc2occ(Cl)c(=O)c2cc1Cl,reinvent4_external
MOL00345,O=C(O)c1ccccc1NC(=O)c1c(F)ccc(Br)c1Cl,reinvent4_external
MOL00346,O=C1NCCOC12CN1CCC2CC1,reinvent4_external
MOL00347,CC(C)(C)OC(=O)N1CC(C(=O)NC(Cc2ccc(O)cc2)c2cc(F)c(OCCCN3CC(F)(F)C3)cc2F)C1,reinvent4_external
MOL00348,CSc1nc(C#N)c(N)c(N=Cc2cccs2)n1,reinvent4_external
MOL00349,CSCCC(N)C(=O)NCC(=O)N1CCCC1C(=O)NCC(=O)NC(CC(C)C)C(=O)O,reinvent4_external
MOL00350,O=C(NNC(=O)C1COc2ccccc2O1)c1n[nH]c(=O)c2ccccc12,reinvent4_external
MOL00351,COC(=O)c1nc2cc(N)ccc2n1-c1ccc(C)cc1,reinvent4_external
MOL00352,CCCN(CC)Cc1cn(C2CCNCC2)nn1,reinvent4_external
MOL00353,CCOC(=O)C(C)(C)CN1C(=O)C(=C2CCC2)CC(C(=O)OC(C)(C)C)=C1C,reinvent4_external
MOL00354,CCNC(=NCC1(N2CCOCC2)CCCCC1)NCCCSc1ccccc1,reinvent4_external
MOL00355,CC1CCCCN1S(=O)(=O)c1cccc2c(NC(=O)c3cccc(Cl)c3)cccc12,reinvent4_external
MOL00356,CCC(NC(=O)C(=Cc1cccnc1)NC(N)=O)c1cc2c(cc1OC)CC(C)O2,reinvent4_external
MOL00357,COC1CCN(C(=O)CCCN2C(=O)N(Cc3ccccc3)C3CC(=O)N(CC#N)C(C)C32)CC1,reinvent4_external
MOL00358,CCCOc1ncnc(NC2CCN(C(=O)OC)CC2)c1C,reinvent4_external
MOL00359,COc1ccc2c(c1)CC1(C2)C(=O)C(C(C)N2CCN(C)CC2)=NC1(O)c1c(F)ccc(-n2nccn2)c1F,reinvent4_external
MOL00360,CCc1nn(C)cc1NC(=O)N(C)Cc1cccs1,reinvent4_external
MOL00361,Nc1cncc(-c2cc(C3(O)Cc4c(C(F)(F)F)nnc5[nH]cc3c45)[nH]n2)c1,reinvent4_external
MOL00362,CC(=O)OCC=C(C)CC(C(C)=O)C(C)C,reinvent4_external
MOL00363,COc1ccc(OC(C)=C(O)C=Cc2cc(C)cc(C3(C)OCCO3)c2)cc1,reinvent4_external
MOL00364,Cc1ncccc1C(=O)NC1CCCC1CN,reinvent4_external
MOL00365,COc1ccc(CO)c2c1OC(CO)C2,reinvent4_external
MOL00366,Cc1nn(-c2ccccc2)c(Nc2c(Cl)ccc3c2ccn3C)c1C=C(O)CC(C)C,reinvent4_external
MOL00367,CC1=CC(C)CC(N2C=CN(CCOO)CCC2C)C1,reinvent4_external
MOL00368,CC(=O)OC(=O)OC1CCC2C(CCC3C2CCC2(C)CCCC32)C1,reinvent4_external
MOL00369,Cc1ccccc1C(=O)NC(C)CN1CCN(c2cccc(Cl)c2)CC1,reinvent4_external
MOL00370,CCn1c(CCC(=O)Nc2ccc(C(N)=O)cc2)nc2cc(S(=O)(=O)N3CCCCC3)ccc21,reinvent4_external
MOL00371,Nc1ccccc1C(=O)N1CC=CCC1,reinvent4_external
MOL00372,CCCOc1c(C2CCCC2)ccc2nc(C)nc(N3CCCC(N4CCC(=O)CC4)C3)c12,reinvent4_external
MOL00373,COc1ccc(N=Nc2ccc(C3CC(c4ccccc4)=NN3c3ccc(C(C)=O)cc3)s2)cc1,reinvent4_external
MOL00374,O=C(NCc1ccc2c(c1)C(=O)c1cccc(NC(=O)N3CCC(F)(F)CC3)c1C2=O)Nc1ccc(Cl)cn1,reinvent4_external
MOL00375,CC(C)=NNC(=O)CCc1nn(C)c2c1C(=O)CCC2,reinvent4_external
MOL00376,CC1(C)COc2cc3cc(O)nc(-c4ccc(S(C)(=O)=O)cc4)c3cc2N1,reinvent4_external
MOL00377,CC(=O)NC(C)c1nc2n(n1)CCN(CCCC(C)C)C2,reinvent4_external
MOL00378,CCCCCC1CC(O)C(CCC(=O)O)C1C=CC(C)(O)CCCCC,reinvent4_external
MOL00379,CN(CCOc1ccc(F)cc1)C(=O)Cn1nnc2ccccc21,reinvent4_external
MOL00380,CCS(=O)(=O)N1CCC(Nc2cncc(-c3cc(F)cc4c3OCC4)n2)CC1,reinvent4_external
MOL00381,Cc1c(-c2ccccc2F)nn(-c2ccccc2)c1NC(=O)CCc1ccc(-c2ccc(F)c(F)c2)o1,reinvent4_external
MOL00382,COCCCN1C(=O)C2=C(C1=O)C(c1ccc(OCC(=O)Nc3ccc(C)cc3)c(Br)c1)c1ccc(C)cc1S2,reinvent4_external
MOL00383,Cc1cc(Cl)ccc1CCn1ccnc1,reinvent4_external
MOL00384,Clc1cccc(OC2CCSC2)c1,reinvent4_external
MOL00385,CC(C)N1C=C(F)C2=NCCN21,reinvent4_external
MOL00386,Cc1cc(Cl)c(Cl)cc1NC(=O)c1cc(Br)cnc1NN,reinvent4_external
MOL00387,COC(=O)C=Cc1cc2c(s1)N(C1CCCCC1)C(=O)CC2,reinvent4_external
MOL00388,CC1CCCCN1c1nc(-c2ccccn2)nc2ccccc12,reinvent4_external
MOL00389,CCOC(=O)Cc1c(CO)cnc(C)c1CO,reinvent4_external
MOL00390,O=C(CC1CCSCC1)NC1COC(CN2CCCC2)C1O,reinvent4_external
MOL00391,O=C1CC(c2cc(-c3cccn4cc(C(F)F)nc34)cc(=O)[nH]2)CN1CC(F)(F)F,reinvent4_external
MOL00392,CCCCCCCCCC(C=CCCCC(N)C(=O)O)(CCCC(=O)O)S(=O)(=O)CCCCCCCC,reinvent4_external
MOL00393,CCCn1c(=O)c(CCl)nc2cc(Br)cnc21,reinvent4_external
MOL00394,COc1ccc(CC(=O)NCC(=O)Nc2ccc(Cl)cc2)cc1,reinvent4_external
MOL00395,CCOC(=O)C1=C(C)Nc2[nH]c(=O)[nH]c(=O)c2C1c1ccc(Br)cc1,reinvent4_external
MOL00396,CCCCNC(=O)c1sc2nsc(-c3ccccc3)c2c1N,reinvent4_external
MOL00397,COC(=O)CC(NC(=O)c1nc2ccc([N+](=O)[O-])cc2[nH]1)C(=O)O,reinvent4_external
MOL00398,CCC(Oc1ccc(Cl)cc1)C(=O)Nc1ccccc1F,reinvent4_external
MOL00399,CN1CCCC(NC2CCS(=O)(=O)C2)CC1=O,reinvent4_external
MOL00400,COC(=O)C(C)(C)NC(=O)C1NCCSC1(C)C,reinvent4_external
MOL00401,Cc1nc(CC2C(O)CCN2C(=O)c2ccc(-c3ccccc3)c(Cl)c2)no1,reinvent4_external
MOL00402,O=C(O)N1CCC(c2nc3c([nH]2)c2c(c4c(O)cccc43)CCCC2)CC1,reinvent4_external
MOL00403,CC1(C)C2C(=O)CC(SC(=O)NC(=O)C3CC4CCC3C4)C21,reinvent4_external
MOL00404,Cc1nnn(CC(=O)C=Cc2c(CCCc3ccc(C#N)cc3)[nH]c(=O)n2-c2ccc(OC3CCC(N(C)C)CC3)c(F)c2)n1,reinvent4_external
MOL00405,COc1cccc(N(C)C(=O)c2cc(C)ccc2NN)c1,reinvent4_external
MOL00406,CC(C)C1(O)C=CC23NC(=O)N(Cc4cc5cccc(O)c5oc4=O)C2C13C,reinvent4_external
MOL00407,CC(I)C1CCCCN1C(F)(F)C(F)(F)F,reinvent4_external
MOL00408,COCC(C)N(C)c1ncnc2sccc12,reinvent4_external
MOL00409,N#Cc1c(-c2cccs2)cc(-c2cccnc2)[nH]c1=O,reinvent4_external
MOL00410,CC(NC(c1cccc2ccccc12)C(C)C)c1ccccc1,reinvent4_external
MOL00411,COC(CNC(=O)Cc1ccc2ccccc2c1)c1ccc2c(c1)OCCO2,reinvent4_external
MOL00412,CCNc1ncnc(N2CCN(c3ccc(C)cn3)CC2)c1C,reinvent4_external
MOL00413,O=C(Nc1ccc(O)c2ncccc12)C1CC2CC2N1,reinvent4_external
MOL00414,CCc1cc(S(C)(=O)=O)cc2c1OCO2,reinvent4_external
MOL00415,Cc1ccc(S(=O)(=O)C2CC(N(CC(=O)O)C(C)C)C2)cc1,reinvent4_external
MOL00416,CC1CCC(C)(C)C(=O)C1N(C)C=O,reinvent4_external
MOL00417,Cc1cnc(NC=C2SC(=S)N(c3ccc(C)c(Cl)c3)C2=O)s1,reinvent4_external
MOL00418,Cc1cccc(F)c1NC(=O)NCC(N)C1CC1,reinvent4_external
MOL00419,CCOC1CCN(C(=O)NC2CCCN(C(=O)CC)C2)CC1,reinvent4_external
MOL00420,Cc1cc2c(Cl)c(Cl)c(Br)cc2nc1Cl,reinvent4_external
MOL00421,CC1(C)OB(c2cnc3ccnn3c2)OC1(C)C,reinvent4_external
MOL00422,COc1cc(C(N)=S)ccc1OCCN1C=CC=CC1,reinvent4_external
MOL00423,CCCCCCC(C)CCc1nc(C)c(N2CCOCC2)n1C,reinvent4_external
MOL00424,CCOC(COCn1cnc2c(N)ncnc21)OCC,reinvent4_external
MOL00425,O=C(OCc1cc(=O)oc2ccc(Br)cc12)c1cc[n+]([O-])cc1,reinvent4_external
MOL00426,CC(=O)c1cccc(NC2CC(=O)N(c3ccc(F)cc3F)C2=O)c1,reinvent4_external
MOL00427,CC1CC(C)CC(n2c(CCl)nc3ccccc32)C1,reinvent4_external
MOL00428,Cc1ccc([N+](=O)[O-])cc1C(=O)Nc1ccc(S(=O)(=O)CCc2ccncc2)cc1,reinvent4_external
MOL00429,CC(Br)c1cc(OC(F)(F)F)cc(C(F)(F)F)c1,reinvent4_external
MOL00430,C=NC(=C(F)OC)c1n[nH]c2cccc(Nc3nc(N4CCOCC4)c(C=N)cc3Cl)c12,reinvent4_external
MOL00431,CC(CC(Cc1ccc(F)cc1)NC(=O)c1cc(-c2cccc(C(=O)O)c2)ccc1-c1ccccc1)C(=O)O,reinvent4_external
MOL00432,CC(C)COc1ccc(CN)cc1,reinvent4_external
MOL00433,CC=C1OC2C3C4CC42C32C3CC2C2(OCCO2)C13,reinvent4_external
MOL00434,Cc1nc(C)c(CC(=O)N2CCCC2CO)c(C)n1,reinvent4_external
MOL00435,Cc1cc(N)ccc1C=CCN,reinvent4_external
MOL00436,CNC(=O)c1c(C)cc(C(=O)Cc2ccc(N3CCC(C)CC3)c(Cl)c2)cc1F,reinvent4_external
MOL00437,CC(O)(CNC(=O)c1ccc(-n2cnc3ccccc32)cc1)c1ccsc1,reinvent4_external
MOL00438,Cc1noc(C)c1CCC(=O)N1CCCC1c1cc[nH]c1,reinvent4_external
MOL00439,CCC=CC=CC(C)C=C(C)C1=CCCC=C1,reinvent4_external
MOL00440,NC(=O)c1cc(S(=O)(=O)N2CCCCCC2)ccc1OC1CCC(=C2c3ccccc3COc3ccc(C(=O)NCCC(=O)O)cc32)CC1,reinvent4_external
MOL00441,CCOC(=O)c1c([N+](=O)[O-])n(Nc2nc3ccccc3o2)c2cc(Cl)cc(Cl)c2c1=O,reinvent4_external
MOL00442,CC(Nc1ccc(Cn2cncn2)cc1)C(C)(C)C,reinvent4_external
MOL00443,Cc1ccccc1N(c1ccccc1)c1c2cccc(C)c2cc2c1ccc1cc3cc(N(c4ccccc4)c4ccc(-c5ccccc5)cc4)ccc3cc12,reinvent4_external
MOL00444,CNCc1cc(Sc2ccccc2)ccc1F,reinvent4_external
MOL00445,COCC(C)NC(=O)CSc1cc(C)ncn1,reinvent4_external
MOL00446,CC(C)COc1ccc(CC2CCNCC2)cc1,reinvent4_external
MOL00447,COc1ccc2c(c1)C(=O)CCC2,reinvent4_external
MOL00448,Cc1[nH]nc(Oc2n[nH]c(-c3cccs3)n2)c1-c1ccncc1,reinvent4_external
MOL00449,CC(O)CN1CCC2(CC1)CN(C(=O)C1CC1)C(C(C)(C)C)CO2,reinvent4_external
MOL00450,Cc1ccc(-c2ccc(C(=O)C=O)cc2)c(C)c1,reinvent4_external
MOL00451,C=P(CCC(C)C)(OP(=O)(OC)OC)C1=CC(C)NC=C1,reinvent4_external
MOL00452,CC(=Cc1cc(C)n(-c2ccccc2C)c1C)C(=O)NCC1CCOC1c1nncn1C,reinvent4_external
MOL00453,CC1CCCC(C(Cc2ccc(S(C)(=O)=O)cc2)NN)C1,reinvent4_external
MOL00454,CCn1nc(C)c(N)c1NCc1cc(Cl)cc(Cl)c1Cl,reinvent4_external
MOL00455,O=C(OCCC1=CC=NC1)C(F)(F)F,reinvent4_external
MOL00456,O=S(=O)(Nc1cnn(Cc2ccccc2F)c1)c1ccc2c(c1)CCCC2,reinvent4_external
MOL00457,CN(C)c1ccc(Oc2ccnc(-n3cccn3)c2Cl)cc1C(=O)O,reinvent4_external
MOL00458,Cn1cc(C(=O)c2cccc(F)c2O)c(=O)o1,reinvent4_external
MOL00459,CS(=O)(=O)Nc1ccc2c(c1)CC(NCC(O)c1ccc([N+](=O)[O-])cc1)C2,reinvent4_external
MOL00460,O=C(O)n1cc([N+](=O)[O-])cn1,reinvent4_external
MOL00461,C=C(C)CCNC(=O)c1ccco1,reinvent4_external
MOL00462,CCc1ccccc1CCN1CCC(CN(C)C(=O)c2cnn(C)c2)CC1,reinvent4_external
MOL00463,[C-]#[N+]c1ccc(C(O)C(C)C=CCCn2c(=O)c(NC(=O)CCC(C)=O)nc3cc(F)ccc32)cc1,reinvent4_external
MOL00464,COc1ccc(C)cc1C(OCC(O)CNC(C)(C)CO)c1cccc(C)c1,reinvent4_external
MOL00465,Cc1ccc(C2CCCC(NCCC3CCOC3)C2)cc1,reinvent4_external
MOL00466,Nc1nccn1CC1COCCN1c1nccs1,reinvent4_external
MOL00467,CC(C)(C)C(F)(F)C=C[N+](=O)[O-],reinvent4_external
MOL00468,CCCCn1nnnc1C(c1ccc(Cl)cc1Cl)N(C(=O)CS(C)(=O)=O)C1CC1,reinvent4_external
MOL00469,C=CCNC(=O)N(CC)Cc1nccn1CCC,reinvent4_external
MOL00470,O=C1CNCC(Oc2ccc(C3=CCOc4ccc(-c5cn[nH]c5)cc43)cc2F)C1,reinvent4_external
MOL00471,CC(=O)NC(CC(=O)NNC(=O)c1cc(-c2ccccc2)nc2ccccc12)c1ccc2c(c1)CCCC2,reinvent4_external
MOL00472,O=C(Cc1ccc(Br)cc1)N(CCc1c[nH]c2ccccc12)c1nc2ccccc2s1,reinvent4_external
MOL00473,COCC1CCCN(S(=O)(=O)c2cc(C)ccc2N)C1,reinvent4_external
MOL00474,O=C1OC2(CCN(CCc3ccc(OC(F)(F)F)cn3)CC2)CN1c1cccc(F)c1,reinvent4_external
MOL00475,CC(C)C1CCCC2C(NC(=O)c3ccc(Oc4ccccc4)cc3)CCN12,reinvent4_external
MOL00476,O=C(Oc1cccs1)C1CCCN1,reinvent4_external
MOL00477,COc1c(C(=O)N2CC(O)CC2c2ccc(F)cc2F)ccc2ccccc12,reinvent4_external
MOL00478,Cc1cnc(Nc2ccc(-c3ncco3)cc2)nc1NC1CCNCC1,reinvent4_external
MOL00479,COc1ccc(CN2CCN(c3nc(CCN)nc(Nc4ccc(OC)c(OC)c4)n3)CC2C)cc1,reinvent4_external
MOL00480,CCCCCCCCC=CCC=CC(NC(=O)CC(CCCC=CCCCCCCCC)OP(=O)(O)OCC[N+](C)(C)C)C(C=CCCCCCCCCCCCCC)OC(=O)CCCCCCCCCCCCCCCCCCC,reinvent4_external
MOL00481,c1cc2cc(-c3ccc4oc5ccccc5c4c3)cc3c4c5nc(-n6c7ccccc7c7ccccc76)ncc5c-4c3c-2c1,reinvent4_external
MOL00482,CCc1ccccc1NC(=O)Cc1cn2ccccc2n1,reinvent4_external
MOL00483,CCCC(C)(N)CN1CCCC(C)C1,reinvent4_external
MOL00484,Cn1nc(C(=O)N2CCCC(CC(N)=O)C2)cc1-c1ccc(Cl)cc1,reinvent4_external
MOL00485,CCNC(c1ccsc1)C1(C(C)C)CC1,reinvent4_external
MOL00486,CCC(O)CCNC(=O)CCOc1ccc(Cl)cc1,reinvent4_external
MOL00487,CCN(CCCO)C(C)C,reinvent4_external
MOL00488,O=C(NCc1ccc(F)cc1)c1cc(S(=O)(=O)N2CCCCCC2)cnc1Cl,reinvent4_external
MOL00489,CC1(C)NCCc2cc(C(=O)Nc3ccc(-c4ccc(N)nc4)cn3)c(Cl)cc21,reinvent4_external
MOL00490,CCNC(=O)CN1CCN(CC2CCCN2C)CC1,reinvent4_external
MOL00491,Cc1ccc(-c2nc(C)c(N)c(C(=O)O)n2)cc1,reinvent4_external
MOL00492,CC(=O)Nc1nnc(SC(C)C(=O)NCc2ccccc2Cl)s1,reinvent4_external
MOL00493,COc1cccc(F)c1CN1CCc2sc(C3CC(NC(=O)OC(C)(C)C)C3)nc2C1,reinvent4_external
MOL00494,CC1CCOC1C(O)CCc1cccs1,reinvent4_external
MOL00495,COc1ccc(OC)c(NC(=O)C(C)SCC(=O)NCCC2=CCCCC2)c1,reinvent4_external
MOL00496,COc1ccc(C2C(NC(=O)Nc3ccc(OC(F)(F)F)cc3)CCC3(C)CCN(CC4CC4)CC23)cc1O,reinvent4_external
MOL00497,Cc1c(-c2ccccc2)oc(SC(C)c2ccccc2O)c1C#N,reinvent4_external
MOL00498,CCCN(CCC)CCOc1cccc2[nH]c(C(=O)Nc3cc(F)c(F)c(F)c3)cc12,reinvent4_external
MOL00499,NC1=NC=NC2N1N=C(N)N2C1OC(CO)C(O)C1O,reinvent4_external
MOL00500,CCn1c(=NC(=O)C=Cc2cccs2)sc2c(Cl)cccc21,reinvent4_external
MOL00501,COc1nc(NC2CCOC(C)C2)nc(N2CCN(C)CC2)n1,reinvent4_external
MOL00502,C=CCCNc1ccnc(C(C)O)c1,reinvent4_external
MOL00503,COc1ccc(C(=O)c2c(S(=O)(=O)NCC3CCCO3)cn3c2CCC3)cc1,reinvent4_external
MOL00504,CCCNC(=O)C1CCCN(Cc2ccc(N3Cc4ccccc4C3=O)cc2)C1,reinvent4_external
MOL00505,COC(=O)C(C)(C)N1CCCC(C)(C(=O)O)C1,reinvent4_external
MOL00506,CCCCCCc1nc2c(C(C)(C)C#N)noc2c(=O)[nH]1,reinvent4_external
MOL00507,CCOC(=O)c1ccc(C)c(NS(=O)(=O)c2sc(=O)n(C)c2C)c1,reinvent4_external
MOL00508,CN(C)c1nc(N)nc(-c2ccc(Br)cc2)n1,reinvent4_external
MOL00509,CC(CN)C(=O)NCc1ccc(F)c(F)c1,reinvent4_external
MOL00510,COc1ccc2c(c1)c1c(n2C)C(N)CCC1,reinvent4_external
MOL00511,Cc1ccc(-n2cnnc2SCC(=O)Nc2ccccc2F)cc1C,reinvent4_external
MOL00512,COc1ccc(C(=O)Nc2cc(-c3ccccc3)nn(C(C)C3CC3)c2=O)cc1,reinvent4_external
MOL00513,COc1cc(C=NNC(=O)c2cc(NC(=O)c3ccc4c(c3)NC(c3cccc(Br)c3O)c3cncn3-4)ccc2OCC2CCC2)ccc1C=NNC(N)=S,reinvent4_external
MOL00514,COc1cc2ccc(OCCc3cc(Br)c4oncc4c3)cc2cc1F,reinvent4_external
MOL00515,C#CCN(Cn1ccc2ccc(S(=O)(=O)N3CCOCC3)cc21)S(=O)(=O)c1ccc(OC)cc1,reinvent4_external
MOL00516,O=C(NC(=S)N1CCN(c2ccc(O)cc2)CC1)c1ccccc1,reinvent4_external
MOL00517,COc1cc(OC)cc(OC2CCN(C(=O)Cc3ccc(O)cc3)CC2)c1,reinvent4_external
MOL00518,CC1CN(c2ccc(C(=O)N=S(=O)=O)cc2)CCN1C(=O)C1CN(c2ccnnc2)C1,reinvent4_external
MOL00519,O=S(=O)(c1cc(Cl)cc(Cl)c1)N1CCCC(CNC2CC2)C1,reinvent4_external
MOL00520,COCONC(=O)c1ccc(CN(c2cc(-c3cnc4ccccc4c3)nn2C)C2CCC3(CC2)CO3)cc1,reinvent4_external
MOL00521,CCC1(C)CN(CC(C)(C)c2ccccc2)C(C)CN1,reinvent4_external
MOL00522,CCCCCCCCOCC1CCCCC1,reinvent4_external
MOL00523,CN(C1CCCC1)C(C)(CN)C1CCCCC1,reinvent4_external
MOL00524,CCOc1ccccc1-c1nc(N)ncc1CN(CC1CCC(N(N)C(C)=O)CC1)C(=O)Cc1ccc(C)cc1,reinvent4_external
MOL00525,CCC(NCC1(CC)CC1)c1c(F)cccc1F,reinvent4_external
MOL00526,COc1ccc(C2=C(Nc3cc(C)ccc3OC)C(=O)N(c3ccc(OC)c(OC)c3)C2=O)cc1,reinvent4_external
MOL00527,CN(CC(F)F)C(=O)c1csnn1,reinvent4_external
MOL00528,CS(=O)(=O)c1ccc(C2=C3CCCC4(CCCC(C(=O)O)C4)C3CC(=NOCc3ccccc3)C2)cc1,reinvent4_external
MOL00529,CCNC(=NCc1ccc(N2CCC(C)CC2)nc1)NC(C)CCOc1cc(C)ccc1C,reinvent4_external
MOL00530,CC(NC(=O)C(O)C(O)C(=O)NCc1c[nH]c2ccccc12)C(=O)NCCO,reinvent4_external
MOL00531,Cn1cc(Br)c(-c2ccc3c(c2)CC(C)(C)O3)n1,reinvent4_external
MOL00532,CC(=Nc1ccc(N2CCC(CCN3CCCCC3)C2)cc1)c1c(O)[nH]c2cccc(C)c12,reinvent4_external
MOL00533,Cc1ccc(C)c(NC(=O)Nc2ccc(NC(=O)C3CCN(Cc4ccccc4)CC3)cc2)c1,reinvent4_external
MOL00534,CNC(CN(C)Cc1ccc(C(=O)NCC2CC2)cc1)c1ccccc1F,reinvent4_external
MOL00535,O=C(Nc1ccccc1)Nc1cccc2c1NCCC2,reinvent4_external
MOL00536,CC(c1ccccc1Cl)C(O)COCCN,reinvent4_external
MOL00537,NC(=O)n1c2ccc(F)cc2c2cc(Cl)ccc21,reinvent4_external
MOL00538,CCS(=O)(=O)c1ccccc1C(=O)N(C)Cc1ccc(F)cc1,reinvent4_external
MOL00539,CNc1cnc(OCc2nc(NSC3CC3)cc(F)c2F)cc1OCCN1CCOCC1,reinvent4_external
MOL00540,Cc1ccc2c(c1)C(O)(C(F)(F)F)c1cc(C(=O)c3cc(Cl)c4c(c3)OCO4)ccc1-2,reinvent4_external
MOL00541,CC1CN(C(=O)C(F)F)CC(c2nccs2)O1,reinvent4_external
MOL00542,CCc1nc2c(s1)CCOC2,reinvent4_external
MOL00543,CSc1ncccc1C(=O)NC1CC(=O)N(c2ccc(F)cc2)C1,reinvent4_external
MOL00544,COc1cc(OC)c(NC(=O)N2CCSCC2)cc1Cl,reinvent4_external
MOL00545,CC(C)C(Cc1cccc(C(=N)N)c1)NC(=O)c1ncnc2nc(N(C)C)ccc12,reinvent4_external
MOL00546,CC(C)c1cccc(C(C)C)c1N(C)P(=O)(Sc1cccc(C(C)(C)C)c1N1CCCC1)C(C)C,reinvent4_external
MOL00547,CN(Cc1nc2ccccc2n1C)C1CN(S(=O)(=O)c2cn(CCO)c3ccncc23)C1,reinvent4_external
MOL00548,COCCCCNc1ccc(-c2ccc3c(c2)CCC(=C(C)N)N3N)n1NC1=CCNCC1,reinvent4_external
MOL00549,COC(=O)c1cccc(NC(=O)c2cc(Nc3cccc(-c4cnco4)c3)ncn2)c1,reinvent4_external
MOL00550,COCCNC(=O)CSc1ncnc2c1cnn2-c1ccc(Cl)cc1,reinvent4_external
MOL00551,COc1ccccc1C(Cc1ccccc1C(F)(F)F)(c1ccccc1)c1ccccc1C1CCN(CC[SH](=O)(O)c2ccccc2Br)CC1,reinvent4_external
MOL00552,CC12CC3CC(CC(C3)C1=NNC(=S)N1CCN(c3ccccn3)CC1)C2,reinvent4_external
MOL00553,CC1(C)OC(=O)c2ccc3c(c21)C(=Cc1cccnc1)CCO3,reinvent4_external
MOL00554,COC(=O)C1=C(C)N(Cc2ccc(C)cc2)C(=S)NC1c1c(Cl)cccc1Cl,reinvent4_external
MOL00555,C#CCCCCCCCCCCCCCCC(=O)OC(COC(=O)CCCCCCCCCCCCCCCCCC)COC1OC(CO)C(O)C(O)C1O,reinvent4_external
MOL00556,Cc1ccc(C(=O)CSc2nn[nH]n2)cc1C,reinvent4_external
MOL00557,CS(=O)(=O)c1ccc(COC(=O)CCC(=O)O)cc1,reinvent4_external
MOL00558,CNC(=O)C(CC(C)C)NC(=O)c1cn(-c2ccc(OC)nn2)ccc1=O,reinvent4_external
MOL00559,CC(C)NCc1ncn(Cc2ccoc2)n1,reinvent4_external
MOL00560,O=C1NN=C(c2ccc(-c3ccccc3Cl)cc2)C2CCCC12,reinvent4_external
MOL00561,COc1c[nH]cc(CN2CCC(c3ccccc3F)CC2)c1=O,reinvent4_external
MOL00562,Nc1cc(O)cc(CNCCN2CCOCC2)c1,reinvent4_external
MOL00563,CC(C)NC1CCCc2ccccc21,reinvent4_external
MOL00564,CCOC(=O)CC(CC)c1c(Cl)ccc2c1OCO2,reinvent4_external
MOL00565,CCNC(=O)C(CC)N(Cc1cccc(OC)c1)C(=O)CN(c1ccc(Oc2ccc(F)cc2)cc1)S(=O)(=O)CC,reinvent4_external
MOL00566,Cc1ccc(F)c(NC(=O)C(C)Oc2cccc(Cl)c2)c1,reinvent4_external
MOL00567,Cn1cc(-c2cncc3c2cnn3CC(=O)N2CCCCC2Cc2ccn(C)n2)cn1,reinvent4_external
MOL00568,CCCCN(C)C(=O)c1cnc(NC2CCCCC2)nc1,reinvent4_external
MOL00569,Cc1cnc2c(ccc3cc(C4CC4)nc(CC(O)c4ccc(C5(c6cccc(N7CCN(C(=O)CO)CC7C)c6)CC5)cc4)c32)c1N=O,reinvent4_external
MOL00570,CCCC=CCCCCCCCC(=O)OCC(CO)OC(=O)COC1OC(CO)C(O)C(OC2OC(CO)C(O)C(O)C2O)C1O,reinvent4_external
MOL00571,COc1cc(C(=O)c2ccccc2F)cc(OC)c1OC,reinvent4_external
MOL00572,CC(C)C(NC(=O)OC1CC(C#CC(O)c2ccccc2Cl)C1)C(=O)NC1(C#N)CC1,reinvent4_external
MOL00573,CC1=C(Nc2cc(C(C)C)ccc2C(=O)Cc2ccccc2)C(=O)CC1O,reinvent4_external
MOL00574,CCC1C(Br)C2OCCC12,reinvent4_external
MOL00575,CCCn1c(=O)c(C(=O)Nc2ncn[nH]2)c(C)c2cc(C(F)(F)F)cc([N+](=O)[O-])c21,reinvent4_external
MOL00576,Cc1ccccc1OCCCOc1c(CC2CN(C(=O)OCc3ccccc3)C2)cncc1CN1CC(OCc2ccccc2)C1,reinvent4_external
MOL00577,Cc1cc(C)cc(N2CC3C(=O)N(CCN4CCCC4)C(=O)C3S2)c1,reinvent4_external
MOL00578,O=c1oc2cc(OCF)ccc2n1-c1cccnc1,reinvent4_external
MOL00579,CC(C)(C)OC(=O)N1CCN(Cc2ccncc2C2CCC(N)C2)CC1,reinvent4_external
MOL00580,COC(=O)CCN(C)c1cc(N(C)C)nc(C)n1,reinvent4_external
MOL00581,Cc1cc2c(cc1N1CCCC(NC(=O)C3CCC(=O)N3)C1=O)cc1c(=O)n2C(=O)c2ccc([N+](=O)[O-])cc2-1,reinvent4_external
MOL00582,Cc1cc(=O)[nH]c(C2(NC(=O)C(C)C)CCCCC2)n1,reinvent4_external
MOL00583,COc1ccc(NC(C)=O)cc1NC(=O)c1cnc(Nc2ccc(C)c(C)c2)nc1,reinvent4_external
MOL00584,Cc1cc(C)n(CCC(=O)N2CCCC(C(C)O)C2)n1,reinvent4_external
MOL00585,COc1ccc(Cc2cnc(NC(=O)c3ccc(S(=O)(=O)N4CCCCC4)cc3)s2)cc1OC,reinvent4_external
MOL00586,Cc1ccccc1CNc1cc(-c2ccccc2Cl)n(Cc2ccc(F)cc2)n1,reinvent4_external
MOL00587,O=C(c1cc(C2CC2)cs1)C1CCCc2ccccc21,reinvent4_external
MOL00588,CN(CC(=O)N(Cc1ccc(Cl)cc1)C(Cc1ccccc1)C(=O)NC1CCCCC1)S(=O)(=O)c1ccccc1,reinvent4_external
MOL00589,CC(N)Cc1ccc2c(C=O)cn(C3CC3)c2c1,reinvent4_external
MOL00590,O=C1CC(c2cccc(CNCC(O)CO)c2)C1,reinvent4_external
MOL00591,CC(Oc1cccc(F)c1)C(=O)NC12CC3CC(CC(C3)C1)C2,reinvent4_external
MOL00592,CN=C(N)Sc1c(C)cc2c(c1C)CCO2,reinvent4_external
MOL00593,O=CC1CCCN(C(=O)C2CCCS2)C1,reinvent4_external
MOL00594,Cc1cccc(CSCC(=O)N(Cc2ccc(Cl)c(Cl)c2)C(C)C(=O)NCC2CCCO2)c1,reinvent4_external
MOL00595,NCC1(c2nc(-c3cc(F)cc(C(F)(F)F)c3)no2)CC1,reinvent4_external
MOL00596,COc1cc(C2CN(C(=O)CCl)c3cc[nH]c32)cc(OC)c1OC,reinvent4_external
MOL00597,CC(C(=O)N(C)Cc1ccc(F)cc1)c1ccc(F)c(Br)c1,reinvent4_external
MOL00598,Cc1c(C(=O)OC(C)C(=O)N(CCC#N)CCC(N)=O)c(C)n(C2CC2)c1C,reinvent4_external
MOL00599,CCC=CCC=CCC=CCC=CCCCCC(=O)OC(COC(=O)CCCC=CCCC=CCCCCCCCCCCCCCCCC)COP(=O)(O)O,reinvent4_external
MOL00600,CC(=O)Nc1cc(N2CN(C3CCC(C4CCN(C(C)=O)CC4)CC3)C(=O)N(C)C2N)ncn1,reinvent4_external
MOL00601,O=C(c1cccc(C(F)(F)F)c1)N1CC(N2CCC(N3CCc4[nH]c5ccccc5c4C3)CC2)C1,reinvent4_external
MOL00602,CC12CCC(=NOC3CCNCC3)CC1C1CC=C3C4CC(O)C(=O)OC4(C)CCC3(C)C1CC2,reinvent4_external
MOL00603,CCCCNCCn1cc(Br)c(-c2ccnn2C)n1,reinvent4_external
MOL00604,C=CCN1C(=O)CC(=O)N1CCOCC,reinvent4_external
MOL00605,CC(Sc1cc(Cl)ccc1Cl)C(=O)c1ccccc1F,reinvent4_external
MOL00606,CCNC(=NCC(C)(C)c1cccc(C)c1)NCC1CCCN(C(C)=O)C1,reinvent4_external
MOL00607,Cc1c(C(=O)NCc2ccccc2)ccc2[nH]nc(-c3cnn(C4CC4CF)c3)c12,reinvent4_external
MOL00608,CC(C)CNCC(C)(C)CNC1CC1(C)C,reinvent4_external
MOL00609,CC(Nc1cc(C(=O)O)ccn1)c1ccc(C(F)(F)F)nc1,reinvent4_external
MOL00610,Cn1cc(N2CCC(NC(=O)C(=O)Nc3ccc(Cl)cc3)C2=O)cn1,reinvent4_external
MOL00611,O=S(=O)(c1ccc(Cl)cc1)N1CCC(CO)C(Oc2ccccc2C(F)(F)F)C1O,reinvent4_external
MOL00612,CN(C)C(=O)CN(C)C(=O)CNC(=O)c1cc(F)ccc1F,reinvent4_external
MOL00613,CC(C)c1cccc(C2(NC(C)(C)CO)CC2)c1,reinvent4_external
MOL00614,CC(Br)C1COCc2cc(Br)ccc21,reinvent4_external
MOL00615,CCCCCCC(=CC(=O)c1ccccc1)Nc1cc(OCC)ccc1O,reinvent4_external
MOL00616,CCN(CC)CCc1nc2n(n1)CCCC2,reinvent4_external
MOL00617,CCOc1cc(C(C)N)ccc1-c1ccc(OC)c(Cl)c1,reinvent4_external
MOL00618,O=C(Nc1ccc(-c2nc3ccccc3s2)cn1)c1cc(Br)ccc1OCCc1ccccc1,reinvent4_external
MOL00619,CCC1CCc2[nH]c(=O)c3c(Cl)c4oc5cc6ccccc6cc5c(=O)c4c(OCc4ccccc4)c3c2C1,reinvent4_external
MOL00620,COc1c(Cl)cc2c(N3CCNCC3)c(C=C3NC(C)=CS3)cnc2c1OC,reinvent4_external
MOL00621,CNCc1ccc(Oc2cc(C)cc(C(=O)NC(CCC(=O)O)C(=O)O)c2)cc1,reinvent4_external
MOL00622,CCC(C)N(C)C(=O)N(C)CC(F)(F)F,reinvent4_external
MOL00623,Fc1ccc(N2CCN(c3nc(-c4ccncc4)cs3)CC2)cc1F,reinvent4_external
MOL00624,CC(C(=O)N(C)C)=C(C)C(=O)N1CCC(CN)C1,reinvent4_external
MOL00625,Cc1cn2c(C3CCCN3)nnc2s1,reinvent4_external
MOL00626,CCCCN(CCCC)CCCN1C(=O)C(=O)C(=C(O)c2ccc(OCC)cc2)C1c1ccccc1O,reinvent4_external
MOL00627,CCc1nc(N)n(-c2ccc(S(N)(=O)=O)cc2Cl)n1,reinvent4_external
MOL00628,CSc1ccccc1NC(=O)COC(=O)C1(NC(C)=O)CCCCC1,reinvent4_external
MOL00629,CN1C=C(Cl)C(=O)C1=N,reinvent4_external
MOL00630,CCC(NCc1cc2ccccc2[nH]c1=O)C1CCCCC1,reinvent4_external
MOL00631,CC(C)(C)OC(=O)CCc1ccccc1OCF,reinvent4_external
MOL00632,COC(=O)C(C)CN(Cc1ccc(OCc2ccc(OC)cc2)cc1)c1ccc(Br)cc1,reinvent4_external
MOL00633,CCCCC(=O)NC(C)CC(=O)O,reinvent4_external
MOL00634,O=S(=O)(CCCC(F)(F)F)Nc1cccc(Oc2ccc3cncnc3c2)c1,reinvent4_external
MOL00635,COCC(C)CC(=O)c1c(C)cccc1C,reinvent4_external
MOL00636,CCC(NCC(O)c1ccc(C)cc1)C(C)C,reinvent4_external
MOL00637,Cc1cc(C(=O)NN2CCCCC2)nn1-c1c(NC(=O)c2nc3c(c(=O)[nH]2)OCCC3)cc(F)c(F)c1F,reinvent4_external
MOL00638,O=C(NC1CCCC1)C(Cc1ccccc1)N(Cc1ccc(Cl)c(Cl)c1)C(=O)CN(CCc1ccccc1)S(=O)(=O)c1ccccc1,reinvent4_external
MOL00639,COc1ccc2cc(-c3nc4cc(C)ccn4c3C=NO)oc2c1C,reinvent4_external
MOL00640,COC(=O)C(C)CN(C)C(=O)C(C)Oc1c(C)cccc1C,reinvent4_external
MOL00641,CC1(Cc2ccc([N+](=O)[O-])cc2)C(=O)CCCN1C(=O)c1ccccc1,reinvent4_external
MOL00642,Cc1[nH]nc2c(N3CCCC(C(=O)OCc4csc(CN5CCCC5)n4)C3)ncnc12,reinvent4_external
MOL00643,Cc1cc2c(=O)c(C)c(CC(=O)NC(C)C(=O)O)oc2cc1-c1ccccc1,reinvent4_external
MOL00644,CCCOc1ccc(NC(=O)C2=C(C)NC(=O)NC2c2ccccc2C)cc1C,reinvent4_external
MOL00645,O=C(CCS(=O)(=O)Cl)N1CCC(n2cncc2[N+](=O)[O-])CC1,reinvent4_external
MOL00646,CC(C)C(NC(=O)OCc1ccccc1)C(=O)NCCCCCC(N)C(=O)NC(=O)OCc1ccccc1,reinvent4_external
MOL00647,COC(=O)C(O)CNCc1cc[nH]c1,reinvent4_external
MOL00648,O=C(Nc1nc2ccc(S(=O)(=O)N3CCCC3)cc2s1)C1CC1,reinvent4_external
MOL00649,CN(C)C(=O)NC1CCc2[nH]c3ccccc3c2C1NC(=O)c1ccc2c(c1)OCO2,reinvent4_external
MOL00650,CN(C)c1cc(NC(=O)OC(C)(C)C)ccc1C(N)=S,reinvent4_external
MOL00651,O=S(=O)(NCc1cccc(C#CCO)c1)c1ccc(F)cc1,reinvent4_external
MOL00652,CCc1nn(C)c(N(C)CCSC)c1N,reinvent4_external
MOL00653,CN(C)S(=O)(=O)c1cc(C2CCCC2)[nH]c(=O)n1,reinvent4_external
MOL00654,CCCSCCCNC(=O)C(N)CCC,reinvent4_external
MOL00655,COc1cc2c(cc1OC)CN(c1cc(C(=O)NCCC(C)C)c3cc(OC)c(OC)cc3n1)CC2,reinvent4_external
MOL00656,Cc1cc(=O)n(CC2CCCCN2C)c(SCC(=O)Nc2cccc(Cl)c2C)n1,reinvent4_external
MOL00657,CC(C)(C)n1cc(Cn2ccc3cc(N)ccc32)nn1,reinvent4_external
MOL00658,CCC(O)(CO)C1=CCCC1,reinvent4_external
MOL00659,COC(=O)c1cc[n+](CC2=CC(=O)OC2=O)cc1,reinvent4_external
MOL00660,CCCCCCCCCCCC(=O)OCCN1C(=O)c2cc3ccc(CCCCCCCC)cc3cc2C1=O,reinvent4_external
MOL00661,CCCC(NC(C)=O)(C(=O)ONCCCN(C)C)N1C(=O)CCC1=O,reinvent4_external
MOL00662,COc1ccc2oc(C(C=O)(CO)C(=O)S)cc2c1,reinvent4_external
MOL00663,CNC(=O)CNC(=O)c1ccc(N2CCN(C)CC2)cn1,reinvent4_external
MOL00664,Cc1[nH]c(C(=O)O)c(C)c1C(=O)C(Cl)(Cl)Cl,reinvent4_external
MOL00665,Cc1cc(C)c(S(=O)(=O)NC(=O)NC2CC2C(=O)O)c(C)c1,reinvent4_external
MOL00666,O=C(c1cc(Br)nn2ccnc12)N1CCCN(c2ccc(F)cc2)CC1,reinvent4_external
MOL00667,COC(=O)C1C2CC3C4C5CC5C2C4N(Cc2ccccc2)C31,reinvent4_external
MOL00668,COC(=O)N1CC2CC(c3ccc4c(C(=O)NCCCN5CCOCC5)cc(=O)oc4c3)C2C1,reinvent4_external
MOL00669,COc1cc(C=C(c2cccs2)c2nc3ccccc3s2)cc(OC)c1,reinvent4_external
MOL00670,Cc1cc(C(C)C(C)C(=O)c2ccc3c(c2)CC(c2ccc(O)cc2)(c2ccc(O)c(O)c2)C3)ccc1O,reinvent4_external
MOL00671,Cc1nc(C(C)C)n(-c2ccc(Br)cc2F)n1,reinvent4_external
MOL00672,CC(NC(=O)NCc1nccn1C)c1ccc(F)cc1Br,reinvent4_external
MOL00673,Cc1ccncc1-c1cc(N)n(CC2CNC2)n1,reinvent4_external
MOL00674,CC=C(C)C=Cc1cc(C(=O)NCC2CC2)cc2oc3cc(F)ccc3c(=O)c12,reinvent4_external
MOL00675,O=C(CCCNC(=O)c1cccc(NC(=O)C2CC2)c1)Nc1nncs1,reinvent4_external
MOL00676,COC(C)OC(C=C(C)C=O)OC(C)=O,reinvent4_external
MOL00677,COC(=O)c1cc2ccccc2n2nc(NC(C)=O)nc12,reinvent4_external
MOL00678,COc1ccc(CCCNC(=O)Cn2c(=S)[nH]c3cc(OC)ccc3c2=O)cc1,reinvent4_external
MOL00679,Cc1nc2ccccc2c(-c2cccc(N3CCOCC3)n2)c1C,reinvent4_external
MOL00680,Cc1nc(C(=O)N(C2CC2)C(COc2cccc(F)c2)c2ccco2)c(C)s1,reinvent4_external
MOL00681,O=C(O)c1cc(-c2ccc(F)cc2F)ncn1,reinvent4_external
MOL00682,COc1cc(C(=O)c2sc(C)nc2C)ccc1Nc1ncc2c(n1)N1CCCOC1C(=O)N2C,reinvent4_external
MOL00683,C1=C(CN2CCOc3ccccc3C2)CCCCC1,reinvent4_external
MOL00684,COc1cc(C(C)C)c(I)cc1C(C)CCN,reinvent4_external
MOL00685,O=C(Nc1cccnc1)c1cc(F)ccc1NC(=O)c1nc(S(=O)(=O)Cc2cccc(F)c2)sc1NCCN1CCOCC1,reinvent4_external
MOL00686,C=CC(=O)NC1Cc2cc(Nc3nc(-c4cncc(C(=N)S(C)(C)C)c4)cnc3N)cnc2C1,reinvent4_external
MOL00687,O=c1sc2ccccc2n1CCCCC(=C1CCN(Cc2ccccc2)CC1)c1ccccc1,reinvent4_external
MOL00688,CCCOC1(c2sc(C)nc2-c2ccc(F)cc2)CCO1,reinvent4_external
MOL00689,O=S(=O)(c1c(F)cccc1F)N1CCN(c2cc(N3CCOCC3)ncn2)CC1,reinvent4_external
MOL00690,CS(=O)(=O)c1ccc(Oc2ccc(CCl)cc2Cl)cc1,reinvent4_external
MOL00691,CC1(CCBr)CCC(=O)N1,reinvent4_external
MOL00692,N#Cc1ccc(CSCC(=O)NC2CC2)cc1,reinvent4_external
MOL00693,CC(C)c1c(NN)ncnc1OCCCCCO,reinvent4_external
MOL00694,O=C(O)CC1CCCN1C(=O)c1ccc(-c2ccc(Oc3ccc(F)cc3)cc2)s1,reinvent4_external
MOL00695,NCc1ccc2c(c1)CCN2Cc1cncnc1,reinvent4_external
MOL00696,Cc1ccc(COc2ccc3c(c2)CCC(=O)N3)c(F)c1,reinvent4_external
MOL00697,CCOC(=O)c1c(NC(=O)CN(CC)c2ccc(F)cc2)sc2c1CCCC2,reinvent4_external
MOL00698,C=CC(C=CCCCCCCCC)=CCC,reinvent4_external
MOL00699,O=C(OCC1CCCO1)C1(F)CCN(CC2CCCCC2)C1,reinvent4_external
MOL00700,O=C(Nc1ccc(O)cc1C(=O)c1ccccc1)c1ccccc1F,reinvent4_external
MOL00701,CC(C)N1C(=O)CCC2CN(Cc3cc(Cl)nc(-c4ccc(N(C)C)cc4)c3)CC21,reinvent4_external
MOL00702,CCCC(=O)Nc1ccc(C(=O)NCc2cc(-c3cccs3)nc3c2cnn3C(C)C)cc1,reinvent4_external
MOL00703,COc1cc(OC)cc(C(=O)NCc2ccc(CN3CCOCC3)cc2)c1,reinvent4_external
MOL00704,CCSc1nccnc1-c1ccc(C(=O)O)c(OS(=O)(=O)C(F)(F)F)c1,reinvent4_external
MOL00705,Cc1nn(-c2ccccn2)c(Br)c1CN,reinvent4_external
MOL00706,CC1(C)N=C(N)C=C(C(=O)Nc2ccc(Oc3ccnc(-c4nncn4C(C)(C)C)c3)cc2)C1=O,reinvent4_external
MOL00707,COc1ccc2c(c1)OC(C(C)(C)C(=O)O)C(=O)N2,reinvent4_external
MOL00708,CC1(C(=O)O)CCCC1CCc1ccc(CC(N)C(=O)N2CCC2)cc1,reinvent4_external
MOL00709,COc1ccc(NC(=O)c2cnc(Nc3cccc(C)c3)cn2)c(OC)c1,reinvent4_external
MOL00710,O=C(N1CCCCC1)N1CCN(c2ccccc2O)CC1,reinvent4_external
MOL00711,O=C(O)CC(NC(=O)OCc1ccccc1)C(=O)NC(Cc1ccccc1)C(=O)Sc1ccc(O)c(Cl)c1,reinvent4_external
MOL00712,CCOc1cc(OC)cc(C(=O)N2CCCN(Cc3ccc(Cl)s3)CC2)c1,reinvent4_external
MOL00713,CC(C)C1CCC2CC(C)C2(C)C1,reinvent4_external
MOL00714,O=c1c2ccccc2[n+]([O-])c(-c2ccccc2)n1CCCc1nc2ccccc2o1,reinvent4_external
MOL00715,COC(=O)c1cc2nc(-c3cncc(Cl)c3)[nH]c2cc1C(C)O,reinvent4_external
MOL00716,CC(N)Cc1nc2ccc(-c3c(F)c(Cl)cc(F)c3CC=CC=O)cc2[nH]1,reinvent4_external
MOL00717,COC(=O)c1ccccc1OC(=O)O,reinvent4_external
MOL00718,CC(C)(C)CN1CC(=O)Nc2ccccc2C1=O,reinvent4_external
MOL00719,CCC=CCC=CCC=CCC=CCC=CCCCC(=O)NCCOCCOCCC(=O)NCCc1cccc(OC)c1,reinvent4_external
MOL00720,CC(C)N1CCN(S(=O)(=O)c2ccc(C(=C3CCCC3)c3ccccc3)cc2C#N)CC1,reinvent4_external
MOL00721,COc1ccc(C2(O)CN(C(=O)N3CCN(c4cnc5ccc(F)cc5n4)C(C(=O)NC(C)C)C3)C2)c(F)c1,reinvent4_external
MOL00722,Cc1cc(N(C)C(=O)C2CCCN(c3ccc(C)c(O)c3)C2)ccn1,reinvent4_external
MOL00723,CC(C)(CCNC(=O)NCCCn1cnc2ccccc21)c1ccccc1,reinvent4_external
MOL00724,Cc1c(-c2cc(CO)cc(CN3CCN(c4ccccn4)CC3)n2)cnn1C,reinvent4_external
MOL00725,CN=C(NCCCn1ccccc1=O)NCCc1ccnn1C,reinvent4_external
MOL00726,CC1=CC2CC(=O)CCC2(C)CC=C1,reinvent4_external
MOL00727,CC1CN(C(=O)c2cccc(C(=O)O)n2)Cc2ccccc21,reinvent4_external
MOL00728,CCC(CC[S+]([O-])CCS(C)(=O)=O)NC1CC1,reinvent4_external
MOL00729,Cc1cc(C(Cl)c2nncn2C2CC2)c(C)s1,reinvent4_external
MOL00730,COc1ccccc1CN(C)CCNCC(F)(F)F,reinvent4_external
MOL00731,CCCC(C[N+](=O)[O-])C1CCC(C)C1,reinvent4_external
MOL00732,O=C(CO)c1cc(Br)n2c1CC=CC2,reinvent4_external
MOL00733,CCOCCn1c(=NC(=O)c2ccc3c(c2)N(Cc2cccc(F)c2)C(=O)C(C)O3)sc2cc(Cl)c(C)c(C)c21,reinvent4_external
MOL00734,CCC(C)CC(CC)C(CC)(CC1CCOCC1)c1ccc2ccc(N(C3(C(=O)OC)CCCCC3)S(C)(=O)=O)cc2c1,reinvent4_external
MOL00735,CCCCCCCCCCCCCC1CC(C)(C)N(Cc2ccccc2)C1O,reinvent4_external
MOL00736,COCCOCCOCC(=O)Nc1ccc(CCl)cc1,reinvent4_external
MOL00737,CN=C(NCCOc1ccc(C)cc1)N(C)Cc1ccccc1C,reinvent4_external
MOL00738,CCc1nc(-c2ccc(-c3ccccc3)cc2)nc2oc3ncccc3c12,reinvent4_external
MOL00739,CC1=Nn2c(cc3occc32)NC1(C)C,reinvent4_external
MOL00740,C=CC1CCC(C2CCC(C(=O)OC3CC4CCCC(c5cccs5)C4CC3C3CCC(CC)CC3)CC2)CC1,reinvent4_external
MOL00741,CC(C)CN(C(=O)c1ccccc1NS(=O)(=O)c1ccc2c(c1)NC(=O)CO2)C1CCS(=O)(=O)C1,reinvent4_external
MOL00742,N#Cc1cnc(N2CCCN(C(=O)C3CCCC3)CC2)cn1,reinvent4_external
MOL00743,CC(=O)OC12CC(=O)OCC1=CCC1C2C(C)C2C(=CC(=O)C2C(=O)C=C(C)C)C(C)(C(O)CC=C(C)C)C1(C)O,reinvent4_external
MOL00744,COCC1NC(=NCc2ccccc2)NC1=O,reinvent4_external
MOL00745,COC1CCC2(C)C(CCC3C2CCC2(C)C3CCC3(C)C(OC(C)=O)CC(C4CCOC4=O)CC32)C1,reinvent4_external
MOL00746,COCCCn1c(N)nnc1N1CCOCC1,reinvent4_external
MOL00747,Cc1cc(C)cc(C(Cl)c2cccc(Cl)c2F)c1,reinvent4_external
MOL00748,Cc1ccc(Nc2nc(NNC(=O)c3ccc(N(C)C)cc3)nc(Sc3ccc(NC(=O)OC(C)(C)C)cc3)n2)cc1,reinvent4_external
MOL00749,Cn1c2cc(F)ccc2c2cc3c(cc21)Cn1c-3nc2ccccc2c1=O,reinvent4_external
MOL00750,CN(C)c1ccc(Sc2nnc(-c3ccccc3)s2)cc1,reinvent4_external
MOL00751,CCCCN(C)C1C2Oc3c(OC)cc(OC)c4c3C23C(CC(N(C)C)C4)C2OCCC213,reinvent4_external
MOL00752,CC(C)(C)OC(=O)CSc1nnc(NN=Cc2c(Cl)cccc2Cl)n1N,reinvent4_external
MOL00753,CC(NC(C)c1cnn(C)c1)c1ccc2nccnc2c1,reinvent4_external
MOL00754,COc1cccc(NC(OC)c2ccco2)c1,reinvent4_external
MOL00755,CC(CCO)NC(=O)CC1CCCNC1,reinvent4_external
MOL00756,CCNCc1cc(C)c(C)cc1S(=O)(=O)NCC1CCSC1,reinvent4_external
MOL00757,NC(=O)CCCCCCCCNc1nc2c(O)cccc2cc1C(=O)c1cc(Cl)ccc1O,reinvent4_external
MOL00758,CNc1nc(C(=O)N2CCC(c3nccnc3-c3cnn(C)c3)CC2)cs1,reinvent4_external
MOL00759,CCCCCCCCCCCCC=COC(=O)c1cc(-c2cnoc2N=O)ccc1F,reinvent4_external
MOL00760,CCCOC(=O)C=Cc1ccccc1[N+](=O)[O-],reinvent4_external
MOL00761,N=C(N)COc1ccncn1,reinvent4_external
MOL00762,O=C(c1ccc(Oc2ncccn2)cc1)N1CCCC(c2cncc(-c3cccnc3)n2)C1,reinvent4_external
MOL00763,CC(=O)C(C)C(C)(CNC(=O)OC(C)(C)C)C(=O)Cl,reinvent4_external
MOL00764,CCCP(CC)CCC(C)(C)CCC,reinvent4_external
MOL00765,CN(C)C(=O)OCCOC(=O)Br,reinvent4_external
MOL00766,CN(Cc1ccc([N+](=O)[O-])s1)CC(F)(F)F,reinvent4_external
MOL00767,CC(CCO)CNCc1cccc(CN(C)C)c1,reinvent4_external
MOL00768,CC1CCC(C(=O)Cc2cccc(Cl)c2F)CC1,reinvent4_external
MOL00769,O=C(Nc1ccc(Oc2ccccn2)nc1)c1cccnc1,reinvent4_external
MOL00770,CNC1(C(=O)O)CC2CCC(C1)N2c1ccc(OC)cc1,reinvent4_external
MOL00771,CCc1ccc(-c2nnc(SCC(=O)N(CC(=O)O)C(C)(C)C)n2-c2ccccc2)cc1,reinvent4_external
MOL00772,O=C(NC(=O)C(F)(F)F)N1CCCO1,reinvent4_external
MOL00773,O=C(NC(Cc1ccn[nH]1)CC1CCCO1)c1nc(C2CC2)ncc1C1CC1,reinvent4_external
MOL00774,CNC1CC(C)(C)CC1OCCCCOC,reinvent4_external
MOL00775,OCC1OC2OC(O)(CO)C1C1COC(c3ccccc3)OC21,reinvent4_external
MOL00776,Cc1ccc(C)c(N2C(=O)NC(=O)C(=Cc3cc(I)c(OCc4ccc(Br)cc4)c(I)c3)C2=O)c1,reinvent4_external
MOL00777,CC(C(=O)N(C)C(CN)C(=O)NC(C(=O)NC(CC(N)=O)c1ccc(F)cc1)C(C)(C)C)n1cc(-c2cccc(Cl)c2)nn1,reinvent4_external
MOL00778,Cc1ccc2nc(SCC(=O)Nc3cc(F)c(F)c(Br)c3)[nH]c2c1,reinvent4_external
MOL00779,CNC(=O)C1(C)CCCN(C(=O)c2cnn3ccccc23)C1,reinvent4_external
MOL00780,Nc1c(O)c2ccccc2c2c3ccccc3n(-c3ccccc3)c12,reinvent4_external
MOL00781,CC(c1ccccc1)C(C)(C)O,reinvent4_external
MOL00782,O=C1CCCN1N(Cc1ccccc1)c1ccc(C2CCCCC2)cc1,reinvent4_external
MOL00783,CC(=O)c1ccc(Nc2nc3c(c(Oc4ncccc4C)n2)CN(Cc2ccccc2F)CC3)cc1,reinvent4_external
MOL00784,Cc1c(I)cccc1C(=O)NCCC1(O)CCCCC1,reinvent4_external
MOL00785,CC(CCCN)NC(=O)c1ccsc1,reinvent4_external
MOL00786,N=C(N)C1CCCN1C(=O)NC(c1ccccc1)c1ccccc1,reinvent4_external
MOL00787,O=C(CCc1ccccc1)NCC(=O)NNC(=O)C1CCC1,reinvent4_external
MOL00788,Cc1cc(C2(C)CCC3C(O)C(=O)C4(C)C3C(CC4(O)C(F)(F)F)O2)on1,reinvent4_external
MOL00789,COc1cccc(CC(=O)NC2CCOCC2Oc2cn[nH]c2)c1,reinvent4_external
MOL00790,CC(O)C1CCCN1,reinvent4_external
MOL00791,Cc1cc(C)c(C2CCNCC2)c(F)c1,reinvent4_external
MOL00792,CCC(C)(C)OC(=O)c1ccc(OCOC(C)(C)C)cc1,reinvent4_external
MOL00793,CCCCc1ccc(C2(C(N)=O)CCCC2)cc1,reinvent4_external
MOL00794,O=C(CNCC(F)(F)F)NCC1CCN(C(=O)CCc2ccncc2)C2CC12,reinvent4_external
MOL00795,CCCS(=O)(=O)Nc1cc(N2C(=O)CCC2=O)ccc1C,reinvent4_external
MOL00796,O=C(O)CCN(Cc1cc(Cl)ccc1Cl)C(=O)OCC1c2ccccc2-c2ccccc21,reinvent4_external
MOL00797,CCCOc1ccc(OCCOC(C)C)cc1C(NC(=O)c1cccs1)C1CCCN1S(=O)(=O)c1ccc(C)cc1,reinvent4_external
MOL00798,CCCCCCCCCCCCCCCCCC(=O)NC(COP(=O)(O)OCC[N+](C)(C)C)C(=O)[O-],reinvent4_external
MOL00799,CCCCCCCC1(CCCC)C(=O)CC(=O)C2(CCCCC2)C1c1cccc(OCc2ccccc2)c1,reinvent4_external
MOL00800,CCC(N)c1ccccc1Oc1ccccc1,reinvent4_external
MOL00801,CCCc1nc(NC)c(C)c(NCC(C)C(C)(C)C)n1,reinvent4_external
MOL00802,CN1CC(Cl)=Cc2ccc(Br)cc21,reinvent4_external
MOL00803,COc1cc(C=C2CCCN(c3ccccc3)C2=O)ccc1OCC(=O)NCc1ccc2c(c1)OCO2,reinvent4_external
MOL00804,CCOC(=O)C(NCCNc1ccc(S(N)(=O)=O)cc1NS(=O)(=O)c1ccccc1)C1CCCC1,reinvent4_external
MOL00805,CCC1CC1([S+](C)[O-])S(=O)(=O)c1ccccc1N,reinvent4_external
MOL00806,Cc1nsnc1Cn1c(=O)oc2ccccc21,reinvent4_external
MOL00807,Cn1ccnc1C(O)CNC(=O)c1cccc(Cl)n1,reinvent4_external
MOL00808,Cc1ccc(C)c2sc(N3CCC(C(=O)NCCC(C)O)CC3)nc12,reinvent4_external
MOL00809,O=C(NCc1ccco1)c1c[nH]c(C=C2CC(=O)N(C3CCS(=O)(=O)C3)C2=O)c1,reinvent4_external
MOL00810,COc1cccc(NC(=O)CN2CCC(NCc3nccn3Cc3ccccc3)CC2)c1,reinvent4_external
MOL00811,CN(CCOc1ccccc1)S(=O)(=O)c1ccc(C#N)cc1,reinvent4_external
MOL00812,O=C1Nc2nc(NCCCN3CCOCC3)nnc2C1c1cccs1,reinvent4_external
MOL00813,CC[P+](CC)(CC)CCCCCOC(=O)C(C)C,reinvent4_external
MOL00814,Brc1cnc2ccccc2n1,reinvent4_external
MOL00815,CSC1=NCCN1N1CCOCC1,reinvent4_external
MOL00816,CCC(CC)CNS(=O)(=O)c1cc(F)c(Cl)c(F)c1,reinvent4_external
MOL00817,COc1ccc(NC(=O)c2cc(F)c(C)c(F)c2)cc1,reinvent4_external
MOL00818,Cc1cc(=O)oc2cc(OCC(=O)NCC(Cc3ccccc3)N3CCCC3)ccc12,reinvent4_external
MOL00819,COc1cc(C)c(C(N)CCCC(=O)O)cc1OC,reinvent4_external
MOL00820,Cc1cccc(C(=O)O)c1Nc1c(F)cccc1Br,reinvent4_external
MOL00821,CC=C(C)C(=O)OC1C(CI)OC(OC2CC(O)(OC3CC(O)C(O)C(C)O3)Cc3c(O)c4c(c(O)c32)C(=O)c2cccc(OC)c2C4=O)C(C)C1C,reinvent4_external
MOL00822,COc1cc(C=C2SC(=S)N(Cc3cccs3)C2=O)cc(Br)c1OC(C)C(=O)Nc1ccc2c(c1)OCO2,reinvent4_external
MOL00823,CC(C)C(N)C1CCc2ccccc2O1,reinvent4_external
MOL00824,CC(NC1CC2COCC21)c1ncc(-c2ccc(-c3ccccc3Cl)c(F)c2)[nH]1,reinvent4_external
MOL00825,Cc1ccccc1-c1noc(CCNS(=O)(=O)c2ccc3nc(C)c(=O)[nH]c3c2)n1,reinvent4_external
MOL00826,COc1ccc(CN2CCN(C(=O)Cn3cc(CO)c4ccccc43)CC2)cc1,reinvent4_external
MOL00827,COCCNc1nc(N2CCN(C=O)CC2)ncc1[N+](=O)[O-],reinvent4_external
MOL00828,Cc1ccc2c(c1)OC(=Cc1ccccc1[N+](=O)[O-])C2=O,reinvent4_external
MOL00829,Cc1ccc(N(c2ccc(C=CC=C(c3ccccc3)c3ccc(N(c4ccccc4)c4ccccc4)cc3)cc2)c2ccc(N(C)C)cc2)cc1,reinvent4_external
MOL00830,CC1CN(C(=O)c2ccc(C#N)cc2)CCN1CC1CC1,reinvent4_external
MOL00831,COc1cc2c(cc1OCC(C)C)c(CCNC(=O)c1ccccc1)c(C)n2C(=O)N1CCC(N(C)C)C1,reinvent4_external
MOL00832,COC(=O)C1COC(C)(C)CC1(C)C(=O)O,reinvent4_external
MOL00833,Cc1cc(Cl)ccc1OCC(=O)Nc1sc2c(c1C#N)CCC(C)C2,reinvent4_external
MOL00834,COCC(C)N(C)c1nc(C)c(CN)cc1Br,reinvent4_external
MOL00835,O=C(O)C1CCc2c([nH]c3cc(Cl)ccc23)C1,reinvent4_external
MOL00836,CC1OCC(O)(c2cncc(Cl)c2)C1C,reinvent4_external
MOL00837,OCC1CCn2cc(C3COCCO3)nc2C1,reinvent4_external
MOL00838,CC(C)C(N)CNc1ccc(Br)cc1C#N,reinvent4_external
MOL00839,CCc1oc2c(c1CN1CCN(C(CC(C)C)c3cccc(F)c3)CC1)CCNC2=O,reinvent4_external
MOL00840,CC1=NC(C)(C)N(NC(=O)OC(C)(C)C)C1=N[N+](=O)[O-],reinvent4_external
MOL00841,COc1ccc(C=CC(=O)Oc2cc(C=CC(=O)Nc3ccc(F)cc3F)ccc2OC)cc1OC,reinvent4_external
MOL00842,COc1ccccc1N1CCN(CC(O)CCCCCCCC(O)C2OC2CO)CC1,reinvent4_external
MOL00843,CCOC(=O)c1c(C)[nH]c(C(=O)C(C)OC(=O)COc2ccccn2)c1C,reinvent4_external
MOL00844,O=C1C=CC(O)(O)CCCC1,reinvent4_external
MOL00845,COCCCNC(=O)Cn1nc(C)cc1SCC(=O)O,reinvent4_external
MOL00846,CC(C)CCCCCCCCCCCCCCC(=O)NCC(=O)O,reinvent4_external
MOL00847,COc1cc(C)c(C(=O)N2CCC(Cc3nc(-c4ccncc4)no3)CC2)cc1OC,reinvent4_external
MOL00848,Cc1cc(Oc2ncc(Br)cc2C)ccc1N,reinvent4_external
MOL00849,CCCCC(C)(C)C(C)(C)Cc1ccc(C)c(C)c1C,reinvent4_external
MOL00850,Cc1cc(C(=O)CN2CCC(=O)CC2)ccc1Br,reinvent4_external
MOL00851,COc1ccccc1C1CNC(=O)C1CCCO,reinvent4_external
MOL00852,O=C(O)CC(NC(=O)C1CCCCS1(=O)=O)c1cccs1,reinvent4_external
MOL00853,COCCOCC(O)CN1CCCCCC1c1ccccc1,reinvent4_external
MOL00854,CCCCCCOC(=O)OCCCCCCOc1ccc(C(=O)Oc2ccc3cc(C(=O)OCCCCCCOc4ccc(C(=O)OC5CCc6c(ccc(OC(=O)c7ccc(C(=O)OC)cc7)c6F)C5)cc4)ccc3c2)cc1,reinvent4_external
MOL00855,O=C1C2C(C(=O)N1c1ccc(Br)cc1)C1c3ccccc3C(c3ccc(O)cc3)N1C2Cc1ccc(Cl)cc1Cl,reinvent4_external
MOL00856,COc1ccc2ccc(=O)n(CCCNC(=O)COCc3ccccc3)c2c1,reinvent4_external
MOL00857,COc1cc(-c2ccnc(C3CCCCN3C(=O)c3ncc(C(=O)O)cn3)n2)ccc1F,reinvent4_external
MOL00858,CCOc1ccccc1-c1nc(C(=O)NCCc2ccc(OC)c(OC)c2)n(-c2ccccc2)n1,reinvent4_external
MOL00859,Cc1noc(C)c1CCNS(=O)(=O)c1cc(C(=O)O)c[nH]c1=O,reinvent4_external
MOL00860,COC(=O)NC(C(=O)NCc1cccc(C2CC(CCC(O)c3ccccc3)OC(CO)O2)c1)C(C)C,reinvent4_external
MOL00861,CCc1cc(N)n(CCO)n1,reinvent4_external
MOL00862,CCCc1ccc(CCC(O)C2CCCCC2)cc1,reinvent4_external
MOL00863,CCOCc1nnc(-c2ccc(CO)cc2)o1,reinvent4_external
MOL00864,O=C1CN(C(=O)C2CCC2)CCN1,reinvent4_external
MOL00865,CCc1nc2nccc(Nc3ccc(OC)cc3)c2cc1C(=O)Cc1ccc(Cl)nc1,reinvent4_external
MOL00866,COc1ccc(N(Cc2ccc(C(=O)Nc3sc4c(c3C(=O)N3CCCC3)CCCCC4)cc2)S(C)(=O)=O)cc1OC,reinvent4_external
MOL00867,COC(C(C(=O)NC=CN)C(=O)NC(Cc1ccc(F)cc1)C(N)=O)C1CC(C)CN1C,reinvent4_external
MOL00868,CCCN1C(=O)CCSC12CCN(C(=O)c1ccsc1)CC2,reinvent4_external
MOL00869,CC(O)c1ccc(OCc2ccsc2)cn1,reinvent4_external
MOL00870,CN(C)C(C)(C)CNC(=O)c1cccc(S(=O)(=O)Nc2ccc(F)cc2)c1,reinvent4_external
MOL00871,O=S(=O)(O)Nc1ccc(S(=O)(=O)O)cc1,reinvent4_external
MOL00872,CCN1C(=O)C(NC(=O)OC(C)(C)C)CN(C2CN(C(=O)OC(C)(C)C)C2)c2ccccc21,reinvent4_external
MOL00873,CC1=C(OC(=O)C2(C)CCCCC(C)C2)NC(C)C1,reinvent4_external
MOL00874,O=C(N1CCSC(c2ccco2)CC1)N1CCN(c2ccccc2)CC1,reinvent4_external
MOL00875,CCCCCCC(O)C(OC(=O)Nc1ccccc1)C1OC(CCCCC(=O)O)CS1,reinvent4_external
MOL00876,CCC=CCC=CCC=CCC=CCC=CCC=CCCC(=O)OCC(COC(=O)CCCCCC=CCC=CCC=CCC=CCC=CCC)OC(=O)CCCCCCCC=CC=CCCCCC,reinvent4_external
MOL00877,CSCC(=O)C(CC(=O)NCNC(=O)CCCC(=O)NC(C(=O)NC1CCCc2ccccc21)C1=CCCCC1)S(C)(=O)=O,reinvent4_external
MOL00878,COc1cc(OC)c(Cl)c(C(=O)N(CCCCCCNCC(O)c2cccnc2)c2nc(N)ncc2Cl)c1,reinvent4_external
MOL00879,CC(C)N(CCO)Cc1csc(-c2cccs2)n1,reinvent4_external
MOL00880,CCC(O)CCNC(=O)C(=O)Nc1c(C)cccc1C,reinvent4_external
MOL00881,O=C1COC(c2cccc3ccccc23)=NC1=S,reinvent4_external
MOL00882,O=C(Cc1cnc(-n2c(O)c3ccccc3c(C(=O)O)c2=O)cn1)c1ccccc1,reinvent4_external
MOL00883,CC(C)COC(=O)C=Cc1ccccc1C=CC(=O)O,reinvent4_external
MOL00884,CCc1c(C(=O)O)c(C)nn1-c1cc(C)cc(OC)c1,reinvent4_external
MOL00885,O=C(C1CC=CCC1)N1CCCCC1c1ncc[nH]1,reinvent4_external
MOL00886,CCC(C)(C)P(=O)(OCCOCCn1cc(Cn2c(CO)nc3c(N)nc4ccccc4c32)nn1)OCc1ccccc1,reinvent4_external
MOL00887,CCCc1cccc2c1C1CCCCC1N2,reinvent4_external
MOL00888,COc1cccc(C)c1S(=O)(=O)N1CCN(c2nccs2)CC1,reinvent4_external
MOL00889,C=CC(=O)N1CC(C)C(NC(=O)C2(NC(=O)c3ccc(C(C)C)cc3)CC2)C1,reinvent4_external
MOL00890,Cc1nc(C(=O)CC(C)(C)C)cc2c1c(C(C)NC(=O)C1C=NC=C(F)C1)c(C(=O)c1cc(F)ccc1OCCO)n2C,reinvent4_external
MOL00891,CCn1nccc1C(=O)OCc1cccc([N+](=O)[O-])c1,reinvent4_external
MOL00892,CC1(C)CC1C(=O)Nc1cccc(CS(C)(=O)=O)c1,reinvent4_external
MOL00893,CCCC(C)Nc1cnc(NCCCN2CCOCC2)nc1-c1ccc(Cl)cc1,reinvent4_external
MOL00894,CCN(CC(=O)NC(C)(C)C)CC1c2c(O)cccc2CCN1C,reinvent4_external
MOL00895,CCc1ccc(CN(C)CC(=O)NC(N)=O)cc1,reinvent4_external
MOL00896,C=CCN(Cc1ccc(F)cc1)S(=O)(=O)c1cccc(C(C)=O)c1,reinvent4_external
MOL00897,CC(C)(C)c1ccc(C(=O)Nc2cc(Oc3cccc(F)c3)cc(C(=O)Nc3ccccc3)c2)cc1,reinvent4_external
MOL00898,CCC(N)Cc1cc(Br)ccc1OC1CCCC1OC,reinvent4_external
MOL00899,Cc1cccc(Cc2nnc(C3CCC(C)CN3)o2)c1,reinvent4_external
MOL00900,CC1=C(c2ccccc2C)N(C(C)(c2ccccc2)c2ccccc2)C(=O)NC1Cc1ccc2ccccc2c1,reinvent4_external
MOL00901,CN(C)c1ccc(C(=O)Nc2cccnc2N(C)C)cc1,reinvent4_external
MOL00902,CC(OC(=O)NC12CC(C(=O)NC3CC3)(C1)C2)S(=O)(=O)c1ccc(F)cc1F,reinvent4_external
MOL00903,Cc1cccc(-n2c(C(=O)O)c(CN3CCCC3c3ccccc3)[nH]c2=O)c1,reinvent4_external
MOL00904,CCC1CC(C(=O)C(CN2CCNC(=O)C2C#N)SC2=C(C(=O)OCc3ccc([N+](C)(C)C)cc3)N3CCCC3C2C)c2cncnc2N1C,reinvent4_external
MOL00905,O=S(=O)(c1cc(N2CCc3ccccc3S2(=O)=O)ccc1NC1C2COCC21)N1CCOC(CCl)C1,reinvent4_external
MOL00906,CCCNc1cc(NCc2ccccn2)ncn1,reinvent4_external
MOL00907,CCCCCC(=O)N1C(=O)C(c2cccc(OC)c2)Oc2ccccc21,reinvent4_external
MOL00908,Cc1noc(C)c1-c1ccc2c(c1)n(C1CC1)c(=O)n2Cc1cnc(N2CC3CC(C2)N3)cn1,reinvent4_external
MOL00909,Cc1c(NC(=O)C2CC(=O)N(c3ccc(I)cc3)C2)cccc1[N+](=O)[O-],reinvent4_external
MOL00910,Cc1ccc(CCCC(=O)N2CCCC(c3cn4c(C)nnc4s3)C2)cc1,reinvent4_external
MOL00911,O=Cc1cc(F)cc(-c2ccccc2)c1,reinvent4_external
MOL00912,NC1(C(=O)Nc2ccccc2-c2nc3c(Cl)cccc3s2)CCOCC1,reinvent4_external
MOL00913,CSC(C)N1CC(=O)C1,reinvent4_external
MOL00914,CCCN(CCN(C)C)C(=O)CCCCCBr,reinvent4_external
MOL00915,CCCN(C(=O)Nc1ccc(S(=O)(=O)N2CCCCC2)cc1)c1ccc(CC)cc1,reinvent4_external
MOL00916,Cc1cccc2c1CC(C(=O)NCCOc1ccc3c(N(C)c4ccccc4)ncnc3c1)CN2C,reinvent4_external
MOL00917,O=C1C=NC2(N1)Nc1ccccc1S(=O)(=O)N2,reinvent4_external
MOL00918,CCCn1nncc1C(NN)C(C)S(C)(=O)=O,reinvent4_external
MOL00919,CC(C)Oc1ccc(N2CCN(C(=O)C3CC3C)CC2)cc1,reinvent4_external
MOL00920,CC(C)(C)C1(CF)CCCN(Cc2ccccc2)C1=O,reinvent4_external
MOL00921,CC1(C)CCN(c2ccc(C3CC3)cc2C(=O)N2CCC(N)C2C(=O)O)CC1,reinvent4_external
MOL00922,CCC=CCC=CCC=CCC=CCC=CCC=CCCC(=O)OC(COP(=O)(O)O)COP(=O)(O)OCC(O)COCCCCCCCCCCCCCCC(C)C,reinvent4_external
MOL00923,COc1cccc(C2CCC3CNC(=O)N3C2)c1,reinvent4_external
MOL00924,CC(C)(C(=O)c1cccc(N)c1)n1cccn1,reinvent4_external
MOL00925,CCN1CCN(c2cc(Oc3ccc(F)c(CNC(=O)c4cc(C(F)(F)F)c5[nH]ccc5c4)c3)ncn2)CC1C,reinvent4_external
MOL00926,Cc1nn(CCC2CCCN2)c2c1CSCC2,reinvent4_external
MOL00927,Cc1cc(N2CCN(c3ncnc(N4CCN(C)CC4)c3F)CC2)nc(C2CC2)n1,reinvent4_external
MOL00928,Cc1nn(-c2ccccc2)nc1NC(=O)CCCN1C(=O)CN(C)C1=O,reinvent4_external
MOL00929,CCOC(=O)C1COc2ccc([N+](=O)[O-])cc2O1,reinvent4_external
MOL00930,CSCCCOc1ccc2c(c1)OCO2,reinvent4_external
MOL00931,N#CC(CCCCCCc1ccccc1)c1ccco1,reinvent4_external
MOL00932,Cc1cc2c(=O)[nH]c(Nc3cccc(C(C)C)c3)nn2c1,reinvent4_external
MOL00933,CC(=O)NC=C(Cl)c1ccccc1,reinvent4_external
MOL00934,CSc1ccc(C(=O)N(C)c2ccccc2Oc2ccccc2)cc1,reinvent4_external
MOL00935,CC(C)(N)C(O)c1cncnc1,reinvent4_external
MOL00936,O=c1oc(-c2ccccc2)nc2csc(S(=O)(=O)Cl)c12,reinvent4_external
MOL00937,CC(C)(C)c1nn(Cc2ccc(=O)[nH]c2)c(N)c1Br,reinvent4_external
MOL00938,CCC(COc1ccc(OC)cc1)C(C)C,reinvent4_external
MOL00939,CCCCC1CNC(CC(C)C)C(C)C1,reinvent4_external
MOL00940,COCCNCCC(=O)N(C)C,reinvent4_external
MOL00941,CC(=O)c1ccc(NC(=O)C(N)CC(C)C)cc1,reinvent4_external
MOL00942,CCCCCCCNCCc1cccc(CBr)c1,reinvent4_external
MOL00943,O=C(NC1CC1)c1cccc(NCC(C(F)(F)F)C(F)(F)F)c1,reinvent4_external
MOL00944,Cc1ccc(CNS(=O)(=O)C2CCCC2)o1,reinvent4_external
MOL00945,CCC(C)n1cc[n+]2ccccc12,reinvent4_external
MOL00946,O=C(O)CCOCCNC(=O)Nc1c(F)cccc1I,reinvent4_external
MOL00947,CCC1C(C)=CN=C(C)N1c1cccc(C(F)F)n1,reinvent4_external
MOL00948,O=C1CC(NC2CCCC2)CN1c1ccccc1Cl,reinvent4_external
MOL00949,FC1(F)CCC(c2cccc(Cl)n2)OC1,reinvent4_external
MOL00950,Cc1ccc(Nc2ccc(NCCC#N)c([N+](=O)[O-])c2)cc1,reinvent4_external
MOL00951,CCSC1CCCC(NCc2ccc(C)cn2)C1,reinvent4_external
MOL00952,COC(=O)C(C)OC(=O)COC(C)C,reinvent4_external
MOL00953,O=C(NP(=PNC(C(=O)O)C(=O)O)(c1ccccc1)c1ccccc1)OCc1ccccc1,reinvent4_external
MOL00954,CC(C)(C)c1cc(CC(N)C(=O)O)c(O)c(C(C)(C)C)c1,reinvent4_external
MOL00955,CCOC(=O)c1ccc(Nc2c3c(nc4ccc(Cl)cc24)CCC3)cc1,reinvent4_external
MOL00956,COc1cccc(C(c2ccccc2)C(NS(=O)(=O)c2ccc(C)cc2)(C(=O)c2ccc(Br)cc2)c2ccc(C)cc2)c1,reinvent4_external
MOL00957,CC(=O)c1ccc(N2CCN(C(=O)CSc3nc4ccccc4c(=O)n3Cc3ccccc3)CC2)c(F)c1,reinvent4_external
MOL00958,CN1CCC(Sc2ccc(C#N)cn2)CC1,reinvent4_external
MOL00959,Cc1ccc(Nc2nc(Nc3ccc(C(=O)O)cc3)nc(NC3CCCCC3)n2)cc1,reinvent4_external
MOL00960,COC(=O)Nc1ccc(NC(=O)c2ccc(F)cc2)cc1Cl,reinvent4_external
MOL00961,CCCNC(C)c1nc(C2CN(C(C)C)CCO2)sc1Br,reinvent4_external
MOL00962,CC1C(NC(=O)C(=NOCCCNCC(O)c2ccccc2)c2csc(N)n2)C(=O)N1COC(=O)c1ccc(O)c(O)c1,reinvent4_external
MOL00963,Cc1ccc(-c2nc(CCC(C)C(=O)NO)cs2)cc1C,reinvent4_external
MOL00964,C=c1[nH]c(=O)c(=CNc2ccc(S(=O)(=O)NCc3cccnc3)c(OCC(=O)N3CCOCC3)c2)s1,reinvent4_external
MOL00965,CCCC(C)C(=O)Cc1c(Br)c(C)nn1C,reinvent4_external
MOL00966,O=S1(=O)CCC(c2nc(N3CCOC(CO)C3)c3cnccn23)CC1,reinvent4_external
MOL00967,O=C(NN=Cc1ccc(OCc2ccccc2)cc1)C(=Cc1ccc([N+](=O)[O-])cc1)NC(=O)c1ccccc1,reinvent4_external
MOL00968,CCOC(=O)c1c(C(=O)c2ccc(S(=O)(=O)NCCOC)cc2)nn2ccccc12,reinvent4_external
MOL00969,CCOc1ccc(CNC(=O)CNC(=O)C(C)(C)C)cc1,reinvent4_external
MOL00970,CC(C)C(C)N=C1CCCC1N1CC(C)C(CO)C1,reinvent4_external
MOL00971,CS(=O)(=O)N(Cc1ccc(C(=O)NCCc2cccc(Cl)c2)cc1)Cc1ccccc1F,reinvent4_external
MOL00972,Cn1nnc2c1CN(C(=O)Nc1ccc(Cl)cc1)C(C)(C(=O)Nc1cccc(Cl)c1)C2,reinvent4_external
MOL00973,CNC(=O)CCn1c(C(F)(F)F)nc2c(F)cccc21,reinvent4_external
MOL00974,c1cnn(CC2CCCN2CCCn2ccnc2)c1,reinvent4_external
MOL00975,COCCOCC1C=COC(OCCc2cnc[nH]2)C1OB1OCC(C)(C)CO1,reinvent4_external
MOL00976,CCN(Cc1ccccc1N)C(C)c1ccccc1OC,reinvent4_external
MOL00977,NC(=O)CCNCC(O)c1ccc(Cl)cc1,reinvent4_external
MOL00978,CCC(Cc1nc2scc(C)n2n1)NC(C)C,reinvent4_external
MOL00979,CS(=O)(=O)CC(=O)NCCC1=CCCC1,reinvent4_external
MOL00980,Brc1cc2c(c(OC3CC3)c1Br)OCO2,reinvent4_external
MOL00981,Cc1cc(C(=O)O)nn1CCCNCc1cccs1,reinvent4_external
MOL00982,CNC(=O)COCCCN,reinvent4_external
MOL00983,CCc1ccc(N2CC(C(=O)OCC(=O)Nc3cccc(C(F)(F)F)c3)CC2=O)cc1,reinvent4_external
MOL00984,CCOC(=O)c1ccc(NC(=O)N2CCC(C(=O)c3ccc(Cl)c(Cl)c3OC)CC2)cc1,reinvent4_external
MOL00985,CCOc1cc(C=C2SC(=O)N(CC(=O)Nc3c(C)cccc3CC)C2=O)ccc1OC(=O)c1ccc2c(c1)OCO2,reinvent4_external
MOL00986,CCCC(O)C1CC2CC1C1CCCC21,reinvent4_external
MOL00987,c1ccc2c(-n3c4ccccc4c4cc5c(cc43)sc3ccc(-c4cc6c7ccccc7ccc6c6c4oc4ccccc46)cc35)cccc2c1,reinvent4_external
MOL00988,COC(=O)c1ccc(N(C)CC2COc3ccccc3O2)c([N+](=O)[O-])c1,reinvent4_external
MOL00989,Cc1nn(CC(C)C)c(C)c1CCC(=O)N1CCC(C(=O)O)CC1,reinvent4_external
MOL00990,CC(C)(C)c1cc(-c2cc(F)c(F)cc2F)cc2c1CNC2=O,reinvent4_external
MOL00991,CC1(C)CSC(Nc2ccc3c(c2)COC3)=N1,reinvent4_external
MOL00992,CC(=NO)c1ccccc1NC(=O)c1ccc(Cl)cc1Cl,reinvent4_external
MOL00993,CCCN1C(=O)C2(CC2)Cc2cc(C(=O)C=Cc3ccccc3OCC)ccc21,reinvent4_external
MOL00994,CC1NCCCC1NCc1ccc(N2CCCC2=O)cc1,reinvent4_external
MOL00995,N#Cc1cccc(C(=O)N2CCOCC2Cc2ccccc2)c1,reinvent4_external
MOL00996,CNCc1ccc(-c2cncc(OC)c2Cl)cc1C,reinvent4_external
MOL00997,Cc1ccc(N2CCC(N3Cc4c(n(C)c5ccccc5c4=O)C3=O)C2)cc1Cl,reinvent4_external
MOL00998,c1ccc(Cn2ccc3c(N4CCC(CNCc5ccccn5)CC4)nccc32)cc1,reinvent4_external
MOL00999,CNC(c1cc(C)cc(C)c1)C1CCCC(N)C1,reinvent4_external
MOL01000,CN(CCP(C)(C)=O)CC(=O)O,reinvent4_external
