peptide_chain,receptor_chain,start,end,length,segment_id,n_contact_residues,contacts_covered,unique_receptor_partners,mean_distance_A,min_distance_A,peptide_degree_sum,peptide_betweenness_sum,contact_density,score,peptide_nodes,receptor_nodes
D,B,25,49,25,D:25-49,20,63,34,3.595634874603175,2.6021187,63,2.6214625345903877,2.52,118.4089904713007,D:ALA25;D:LEU26;D:LYS28;D:ALA30;D:CYS31;D:ASN32;D:CYS33;D:VAL35;D:TYR37;D:ILE38;D:GLY39;D:GLU40;D:ARG41;D:GLN43;D:TYR44;D:ARG45;D:ASP46;D:LEU47;D:LYS48;D:TRP49,B:ALA415;B:ALA68;B:ARG29;B:ASN12;B:ASN128;B:ASP22;B:ASP355;B:GLN16;B:GLN384;B:GLN408;B:GLN411;B:GLU90;B:GLY18;B:HIS346;B:HIS409;B:ILE438;B:LEU14;B:LEU17;B:LEU325;B:LEU348;B:LEU382;B:LEU69;B:LEU98;B:LYS13;B:LYS465;B:PHE357;B:PHE412;B:SER11;B:SER418;B:SER99;B:THR15;B:THR358;B:TYR101;B:VAL417
D,B,23,47,25,D:23-47,19,61,34,3.6008417016393444,2.6021187,61,2.6699957302126247,2.44,115.7291156004869,D:ILE23;D:ALA25;D:LEU26;D:LYS28;D:ALA30;D:CYS31;D:ASN32;D:CYS33;D:VAL35;D:TYR37;D:ILE38;D:GLY39;D:GLU40;D:ARG41;D:GLN43;D:TYR44;D:ARG45;D:ASP46;D:LEU47,B:ALA415;B:ALA68;B:ARG29;B:ASN12;B:ASN128;B:ASP22;B:ASP355;B:GLN16;B:GLN384;B:GLN408;B:GLU90;B:GLY18;B:HIS346;B:HIS409;B:ILE438;B:LEU14;B:LEU17;B:LEU325;B:LEU348;B:LEU382;B:LEU69;B:LEU98;B:LYS13;B:LYS465;B:PHE357;B:PHE412;B:SER11;B:SER418;B:SER99;B:THR15;B:THR358;B:TYR101;B:TYR45;B:VAL417
D,B,24,48,25,D:24-48,19,61,34,3.6087295622950823,2.6021187,61,2.616184213216176,2.44,115.18311256986667,D:ALA25;D:LEU26;D:LYS28;D:ALA30;D:CYS31;D:ASN32;D:CYS33;D:VAL35;D:TYR37;D:ILE38;D:GLY39;D:GLU40;D:ARG41;D:GLN43;D:TYR44;D:ARG45;D:ASP46;D:LEU47;D:LYS48,B:ALA415;B:ALA68;B:ARG29;B:ASN12;B:ASN128;B:ASP22;B:ASP355;B:GLN16;B:GLN384;B:GLN408;B:GLN411;B:GLU90;B:GLY18;B:HIS346;B:HIS409;B:ILE438;B:LEU14;B:LEU17;B:LEU325;B:LEU348;B:LEU382;B:LEU69;B:LEU98;B:LYS13;B:LYS465;B:PHE357;B:PHE412;B:SER11;B:SER418;B:SER99;B:THR15;B:THR358;B:TYR101;B:VAL417
D,B,27,51,25,D:27-51,20,61,32,3.610158406557377,2.6021187,61,2.5373681662494443,2.44,114.39352325593707,D:LYS28;D:ALA30;D:CYS31;D:ASN32;D:CYS33;D:VAL35;D:TYR37;D:ILE38;D:GLY39;D:GLU40;D:ARG41;D:GLN43;D:TYR44;D:ARG45;D:ASP46;D:LEU47;D:LYS48;D:TRP49;D:TRP50;D:GLU51,B:ALA415;B:ARG29;B:ASN12;B:ASP22;B:ASP355;B:GLN16;B:GLN384;B:GLN408;B:GLN411;B:GLU90;B:GLY18;B:GLY441;B:HIS346;B:HIS409;B:ILE438;B:ILE467;B:LEU14;B:LEU17;B:LEU325;B:LEU348;B:LEU382;B:LYS13;B:LYS465;B:PHE357;B:PHE412;B:SER11;B:SER418;B:SER440;B:SER468;B:THR15;B:THR358;B:VAL417
D,B,26,50,25,D:26-50,20,60,32,3.611665171666667,2.6021187,60,2.5679998253057605,2.4,113.11833308139093,D:LEU26;D:LYS28;D:ALA30;D:CYS31;D:ASN32;D:CYS33;D:VAL35;D:TYR37;D:ILE38;D:GLY39;D:GLU40;D:ARG41;D:GLN43;D:TYR44;D:ARG45;D:ASP46;D:LEU47;D:LYS48;D:TRP49;D:TRP50,B:ALA415;B:ALA68;B:ARG29;B:ASN12;B:ASP22;B:ASP355;B:GLN16;B:GLN384;B:GLN408;B:GLN411;B:GLU90;B:GLY18;B:HIS346;B:HIS409;B:ILE438;B:LEU14;B:LEU17;B:LEU325;B:LEU348;B:LEU382;B:LEU69;B:LEU98;B:LYS13;B:LYS465;B:PHE357;B:PHE412;B:SER11;B:SER418;B:SER99;B:THR15;B:THR358;B:VAL417
D,B,32,51,20,D:32-51,17,55,30,3.6418775418181824,2.6021187,55,2.2004896781723255,2.75,103.36301923990507,D:ASN32;D:CYS33;D:VAL35;D:TYR37;D:ILE38;D:GLY39;D:GLU40;D:ARG41;D:GLN43;D:TYR44;D:ARG45;D:ASP46;D:LEU47;D:LYS48;D:TRP49;D:TRP50;D:GLU51,B:ALA415;B:ARG29;B:ASN12;B:ASP22;B:ASP355;B:GLN16;B:GLN384;B:GLN408;B:GLN411;B:GLY18;B:GLY441;B:HIS346;B:HIS409;B:ILE438;B:ILE467;B:LEU17;B:LEU325;B:LEU348;B:LEU382;B:LYS13;B:LYS465;B:PHE357;B:PHE412;B:SER11;B:SER418;B:SER440;B:SER468;B:THR15;B:THR358;B:VAL417
D,B,30,49,20,D:30-49,17,52,27,3.59860214423077,2.6021187,52,2.406279886188561,2.6,100.66419671765485,D:ALA30;D:CYS31;D:ASN32;D:CYS33;D:VAL35;D:TYR37;D:ILE38;D:GLY39;D:GLU40;D:ARG41;D:GLN43;D:TYR44;D:ARG45;D:ASP46;D:LEU47;D:LYS48;D:TRP49,B:ALA415;B:ARG29;B:ASN12;B:ASP22;B:ASP355;B:GLN16;B:GLN384;B:GLN408;B:GLN411;B:GLY18;B:HIS346;B:HIS409;B:ILE438;B:LEU14;B:LEU17;B:LEU325;B:LEU348;B:LEU382;B:LYS13;B:LYS465;B:PHE357;B:PHE412;B:SER11;B:SER418;B:THR15;B:THR358;B:VAL417
D,B,22,46,25,D:22-46,18,53,29,3.5824836905660375,2.6021187,53,2.287227319019556,2.12,99.27978949962952,D:ILE23;D:ALA25;D:LEU26;D:LYS28;D:ALA30;D:CYS31;D:ASN32;D:CYS33;D:VAL35;D:TYR37;D:ILE38;D:GLY39;D:GLU40;D:ARG41;D:GLN43;D:TYR44;D:ARG45;D:ASP46,B:ALA68;B:ARG29;B:ASN12;B:ASN128;B:ASP22;B:ASP355;B:GLN16;B:GLN384;B:GLN408;B:GLU90;B:GLY18;B:HIS346;B:HIS409;B:LEU14;B:LEU17;B:LEU325;B:LEU348;B:LEU382;B:LEU69;B:LEU98;B:LYS13;B:PHE357;B:SER11;B:SER418;B:SER99;B:THR15;B:THR358;B:TYR101;B:TYR45
D,B,21,45,25,D:21-45,18,52,28,3.5748532557692303,2.6021187,52,2.259051809850896,2.08,97.42566484273974,D:MET21;D:ILE23;D:ALA25;D:LEU26;D:LYS28;D:ALA30;D:CYS31;D:ASN32;D:CYS33;D:VAL35;D:TYR37;D:ILE38;D:GLY39;D:GLU40;D:ARG41;D:GLN43;D:TYR44;D:ARG45,B:ALA68;B:ASN12;B:ASN128;B:ASP22;B:ASP355;B:GLN16;B:GLN384;B:GLN408;B:GLU90;B:GLY18;B:HIS346;B:HIS409;B:LEU14;B:LEU17;B:LEU325;B:LEU348;B:LEU382;B:LEU69;B:LEU98;B:LYS13;B:PHE357;B:SER11;B:SER418;B:SER99;B:THR15;B:THR358;B:TYR101;B:TYR45
D,B,29,48,20,D:29-48,16,50,27,3.6146963540000008,2.6021187,50,2.401001564814349,2.5,97.39531929414349,D:ALA30;D:CYS31;D:ASN32;D:CYS33;D:VAL35;D:TYR37;D:ILE38;D:GLY39;D:GLU40;D:ARG41;D:GLN43;D:TYR44;D:ARG45;D:ASP46;D:LEU47;D:LYS48,B:ALA415;B:ARG29;B:ASN12;B:ASP22;B:ASP355;B:GLN16;B:GLN384;B:GLN408;B:GLN411;B:GLY18;B:HIS346;B:HIS409;B:ILE438;B:LEU14;B:LEU17;B:LEU325;B:LEU348;B:LEU382;B:LYS13;B:LYS465;B:PHE357;B:PHE412;B:SER11;B:SER418;B:THR15;B:THR358;B:VAL417
D,B,31,50,20,D:31-50,17,51,26,3.6144994901960787,2.6021187,51,2.102626918152031,2.55,96.01176969132423,D:CYS31;D:ASN32;D:CYS33;D:VAL35;D:TYR37;D:ILE38;D:GLY39;D:GLU40;D:ARG41;D:GLN43;D:TYR44;D:ARG45;D:ASP46;D:LEU47;D:LYS48;D:TRP49;D:TRP50,B:ALA415;B:ARG29;B:ASN12;B:ASP22;B:ASP355;B:GLN16;B:GLN384;B:GLN408;B:GLN411;B:GLY18;B:HIS346;B:HIS409;B:ILE438;B:LEU17;B:LEU325;B:LEU348;B:LEU382;B:LYS13;B:LYS465;B:PHE357;B:PHE412;B:SER11;B:SER418;B:THR15;B:THR358;B:VAL417
D,B,28,47,20,D:28-47,16,49,27,3.6007502510204086,2.6021187,49,2.3941205399538728,2.45,95.74045514851832,D:LYS28;D:ALA30;D:CYS31;D:ASN32;D:CYS33;D:VAL35;D:TYR37;D:ILE38;D:GLY39;D:GLU40;D:ARG41;D:GLN43;D:TYR44;D:ARG45;D:ASP46;D:LEU47,B:ALA415;B:ARG29;B:ASN12;B:ASP22;B:ASP355;B:GLN16;B:GLN384;B:GLN408;B:GLU90;B:GLY18;B:HIS346;B:HIS409;B:ILE438;B:LEU14;B:LEU17;B:LEU325;B:LEU348;B:LEU382;B:LYS13;B:LYS465;B:PHE357;B:PHE412;B:SER11;B:SER418;B:THR15;B:THR358;B:VAL417
D,B,37,51,15,D:37-51,14,48,27,3.703104935416667,2.6021187,48,1.9963010353421304,3.2,92.40990541800466,D:TYR37;D:ILE38;D:GLY39;D:GLU40;D:ARG41;D:GLN43;D:TYR44;D:ARG45;D:ASP46;D:LEU47;D:LYS48;D:TRP49;D:TRP50;D:GLU51,B:ALA415;B:ARG29;B:ASN12;B:ASP355;B:GLN384;B:GLN408;B:GLN411;B:GLY441;B:HIS346;B:HIS409;B:ILE438;B:ILE467;B:LEU17;B:LEU325;B:LEU348;B:LEU382;B:LYS13;B:LYS465;B:PHE357;B:PHE412;B:SER11;B:SER418;B:SER440;B:SER468;B:THR15;B:THR358;B:VAL417
D,B,20,44,25,D:20-44,17,49,28,3.585085757142857,2.8565853,49,2.045320982078972,1.96,90.53812406364686,D:MET21;D:ILE23;D:ALA25;D:LEU26;D:LYS28;D:ALA30;D:CYS31;D:ASN32;D:CYS33;D:VAL35;D:TYR37;D:ILE38;D:GLY39;D:GLU40;D:ARG41;D:GLN43;D:TYR44,B:ALA68;B:ASN12;B:ASN128;B:ASP22;B:ASP355;B:GLN16;B:GLN384;B:GLN408;B:GLU90;B:GLY18;B:HIS346;B:HIS409;B:LEU14;B:LEU17;B:LEU325;B:LEU348;B:LEU382;B:LEU69;B:LEU98;B:LYS13;B:PHE357;B:SER11;B:SER418;B:SER99;B:THR15;B:THR358;B:TYR101;B:TYR45
D,B,26,45,20,D:26-45,15,44,25,3.5645256181818183,2.6021187,44,2.118260333442981,2.2,85.018077716248,D:LEU26;D:LYS28;D:ALA30;D:CYS31;D:ASN32;D:CYS33;D:VAL35;D:TYR37;D:ILE38;D:GLY39;D:GLU40;D:ARG41;D:GLN43;D:TYR44;D:ARG45,B:ALA68;B:ASN12;B:ASP22;B:ASP355;B:GLN16;B:GLN384;B:GLN408;B:GLU90;B:GLY18;B:HIS346;B:HIS409;B:LEU14;B:LEU17;B:LEU325;B:LEU348;B:LEU382;B:LEU69;B:LEU98;B:LYS13;B:PHE357;B:SER11;B:SER418;B:SER99;B:THR15;B:THR358
D,B,25,44,20,D:25-44,15,45,27,3.575773473333333,2.8565853,45,1.9579922149556845,2.25,85.00414867622352,D:ALA25;D:LEU26;D:LYS28;D:ALA30;D:CYS31;D:ASN32;D:CYS33;D:VAL35;D:TYR37;D:ILE38;D:GLY39;D:GLU40;D:ARG41;D:GLN43;D:TYR44,B:ALA68;B:ASN12;B:ASN128;B:ASP22;B:ASP355;B:GLN16;B:GLN384;B:GLN408;B:GLU90;B:GLY18;B:HIS346;B:HIS409;B:LEU14;B:LEU17;B:LEU325;B:LEU348;B:LEU382;B:LEU69;B:LEU98;B:LYS13;B:PHE357;B:SER11;B:SER418;B:SER99;B:THR15;B:THR358;B:TYR101
D,B,33,47,15,D:33-47,12,41,25,3.665860831707317,2.6021187,41,2.0569249539569165,2.7333333333333334,81.62005537452852,D:CYS33;D:VAL35;D:TYR37;D:ILE38;D:GLY39;D:GLU40;D:ARG41;D:GLN43;D:TYR44;D:ARG45;D:ASP46;D:LEU47,B:ALA415;B:ARG29;B:ASN12;B:ASP22;B:ASP355;B:GLN16;B:GLN384;B:GLN408;B:GLY18;B:HIS346;B:HIS409;B:ILE438;B:LEU17;B:LEU325;B:LEU348;B:LEU382;B:LYS13;B:LYS465;B:PHE357;B:PHE412;B:SER11;B:SER418;B:THR15;B:THR358;B:VAL417
D,B,35,49,15,D:35-49,13,42,24,3.6743649523809525,2.6021187,42,1.89184898054761,2.8,81.59412485309514,D:VAL35;D:TYR37;D:ILE38;D:GLY39;D:GLU40;D:ARG41;D:GLN43;D:TYR44;D:ARG45;D:ASP46;D:LEU47;D:LYS48;D:TRP49,B:ALA415;B:ARG29;B:ASN12;B:ASP22;B:ASP355;B:GLN384;B:GLN408;B:GLN411;B:HIS346;B:HIS409;B:ILE438;B:LEU17;B:LEU325;B:LEU348;B:LEU382;B:LYS13;B:LYS465;B:PHE357;B:PHE412;B:SER11;B:SER418;B:THR15;B:THR358;B:VAL417
D,B,36,50,15,D:36-50,13,42,23,3.709203197619048,2.6021187,42,1.89184898054761,2.8,81.55928660785705,D:TYR37;D:ILE38;D:GLY39;D:GLU40;D:ARG41;D:GLN43;D:TYR44;D:ARG45;D:ASP46;D:LEU47;D:LYS48;D:TRP49;D:TRP50,B:ALA415;B:ARG29;B:ASN12;B:ASP355;B:GLN384;B:GLN408;B:GLN411;B:HIS346;B:HIS409;B:ILE438;B:LEU17;B:LEU325;B:LEU348;B:LEU382;B:LYS13;B:LYS465;B:PHE357;B:PHE412;B:SER11;B:SER418;B:THR15;B:THR358;B:VAL417
D,B,19,43,25,D:19-43,16,44,25,3.5580588181818182,2.8565853,44,1.7907973769845906,1.76,80.11991495166409,D:MET21;D:ILE23;D:ALA25;D:LEU26;D:LYS28;D:ALA30;D:CYS31;D:ASN32;D:CYS33;D:VAL35;D:TYR37;D:ILE38;D:GLY39;D:GLU40;D:ARG41;D:GLN43,B:ALA68;B:ASN12;B:ASN128;B:ASP22;B:ASP355;B:GLN16;B:GLN384;B:GLU90;B:GLY18;B:HIS409;B:LEU14;B:LEU17;B:LEU325;B:LEU348;B:LEU69;B:LEU98;B:LYS13;B:PHE357;B:SER11;B:SER418;B:SER99;B:THR15;B:THR358;B:TYR101;B:TYR45
D,B,27,46,20,D:27-46,15,41,22,3.5770013195121955,2.6021187,41,2.011352128760804,2.05,79.13651996809584,D:LYS28;D:ALA30;D:CYS31;D:ASN32;D:CYS33;D:VAL35;D:TYR37;D:ILE38;D:GLY39;D:GLU40;D:ARG41;D:GLN43;D:TYR44;D:ARG45;D:ASP46,B:ARG29;B:ASN12;B:ASP22;B:ASP355;B:GLN16;B:GLN384;B:GLN408;B:GLU90;B:GLY18;B:HIS346;B:HIS409;B:LEU14;B:LEU17;B:LEU325;B:LEU348;B:LEU382;B:LYS13;B:PHE357;B:SER11;B:SER418;B:THR15;B:THR358
D,B,37,48,12,D:37-48,11,39,23,3.716032846153847,2.6021187,39,1.8865706591733982,3.25,78.34967374558013,D:TYR37;D:ILE38;D:GLY39;D:GLU40;D:ARG41;D:GLN43;D:TYR44;D:ARG45;D:ASP46;D:LEU47;D:LYS48,B:ALA415;B:ARG29;B:ASN12;B:ASP355;B:GLN384;B:GLN408;B:GLN411;B:HIS346;B:HIS409;B:ILE438;B:LEU17;B:LEU325;B:LEU348;B:LEU382;B:LYS13;B:LYS465;B:PHE357;B:PHE412;B:SER11;B:SER418;B:THR15;B:THR358;B:VAL417
D,B,34,48,15,D:34-48,12,40,24,3.6982708549999996,2.6021187,40,1.8865706591733982,2.6666666666666665,78.2507690700673,D:VAL35;D:TYR37;D:ILE38;D:GLY39;D:GLU40;D:ARG41;D:GLN43;D:TYR44;D:ARG45;D:ASP46;D:LEU47;D:LYS48,B:ALA415;B:ARG29;B:ASN12;B:ASP22;B:ASP355;B:GLN384;B:GLN408;B:GLN411;B:HIS346;B:HIS409;B:ILE438;B:LEU17;B:LEU325;B:LEU348;B:LEU382;B:LYS13;B:LYS465;B:PHE357;B:PHE412;B:SER11;B:SER418;B:THR15;B:THR358;B:VAL417
D,B,38,49,12,D:38-49,11,39,23,3.669000028205129,2.6021187,39,1.840590694186584,3.25,77.9369069136607,D:ILE38;D:GLY39;D:GLU40;D:ARG41;D:GLN43;D:TYR44;D:ARG45;D:ASP46;D:LEU47;D:LYS48;D:TRP49,B:ALA415;B:ARG29;B:ASN12;B:ASP355;B:GLN384;B:GLN408;B:GLN411;B:HIS346;B:HIS409;B:ILE438;B:LEU17;B:LEU325;B:LEU348;B:LEU382;B:LYS13;B:LYS465;B:PHE357;B:PHE412;B:SER11;B:SER418;B:THR15;B:THR358;B:VAL417
D,B,40,51,12,D:40-51,11,41,26,3.6801350804878052,2.6021187,41,1.4604323937942654,3.4166666666666665,77.45752219078818,D:GLU40;D:ARG41;D:GLN43;D:TYR44;D:ARG45;D:ASP46;D:LEU47;D:LYS48;D:TRP49;D:TRP50;D:GLU51,B:ALA415;B:ARG29;B:ASN12;B:ASP355;B:GLN384;B:GLN408;B:GLN411;B:GLY441;B:HIS346;B:HIS409;B:ILE438;B:ILE467;B:LEU325;B:LEU348;B:LEU382;B:LYS13;B:LYS465;B:PHE357;B:PHE412;B:SER11;B:SER418;B:SER440;B:SER468;B:THR15;B:THR358;B:VAL417
D,B,17,41,25,D:17-41,15,41,23,3.5465745243902442,2.8565853,41,1.708777270421105,1.64,74.57119817982081,D:MET21;D:ILE23;D:ALA25;D:LEU26;D:LYS28;D:ALA30;D:CYS31;D:ASN32;D:CYS33;D:VAL35;D:TYR37;D:ILE38;D:GLY39;D:GLU40;D:ARG41,B:ALA68;B:ASN12;B:ASN128;B:ASP22;B:ASP355;B:GLN16;B:GLU90;B:GLY18;B:HIS409;B:LEU14;B:LEU17;B:LEU325;B:LEU69;B:LEU98;B:LYS13;B:PHE357;B:SER11;B:SER418;B:SER99;B:THR15;B:THR358;B:TYR101;B:TYR45
D,B,18,42,25,D:18-42,15,41,23,3.5465745243902442,2.8565853,41,1.708777270421105,1.64,74.57119817982081,D:MET21;D:ILE23;D:ALA25;D:LEU26;D:LYS28;D:ALA30;D:CYS31;D:ASN32;D:CYS33;D:VAL35;D:TYR37;D:ILE38;D:GLY39;D:GLU40;D:ARG41,B:ALA68;B:ASN12;B:ASN128;B:ASP22;B:ASP355;B:GLN16;B:GLU90;B:GLY18;B:HIS409;B:LEU14;B:LEU17;B:LEU325;B:LEU69;B:LEU98;B:LYS13;B:PHE357;B:SER11;B:SER418;B:SER99;B:THR15;B:THR358;B:TYR101;B:TYR45
D,B,22,41,20,D:22-41,14,40,23,3.5282036199999993,2.8565853,40,1.708777270421105,2.0,74.55956908421105,D:ILE23;D:ALA25;D:LEU26;D:LYS28;D:ALA30;D:CYS31;D:ASN32;D:CYS33;D:VAL35;D:TYR37;D:ILE38;D:GLY39;D:GLU40;D:ARG41,B:ALA68;B:ASN12;B:ASN128;B:ASP22;B:ASP355;B:GLN16;B:GLU90;B:GLY18;B:HIS409;B:LEU14;B:LEU17;B:LEU325;B:LEU69;B:LEU98;B:LYS13;B:PHE357;B:SER11;B:SER418;B:SER99;B:THR15;B:THR358;B:TYR101;B:TYR45
D,B,23,42,20,D:23-42,14,40,23,3.5282036199999993,2.8565853,40,1.708777270421105,2.0,74.55956908421105,D:ILE23;D:ALA25;D:LEU26;D:LYS28;D:ALA30;D:CYS31;D:ASN32;D:CYS33;D:VAL35;D:TYR37;D:ILE38;D:GLY39;D:GLU40;D:ARG41,B:ALA68;B:ASN12;B:ASN128;B:ASP22;B:ASP355;B:GLN16;B:GLU90;B:GLY18;B:HIS409;B:LEU14;B:LEU17;B:LEU325;B:LEU69;B:LEU98;B:LYS13;B:PHE357;B:SER11;B:SER418;B:SER99;B:THR15;B:THR358;B:TYR101;B:TYR45
D,B,24,43,20,D:24-43,14,40,24,3.5448798049999994,2.8565853,40,1.7034686098613032,2.0,74.48980629361304,D:ALA25;D:LEU26;D:LYS28;D:ALA30;D:CYS31;D:ASN32;D:CYS33;D:VAL35;D:TYR37;D:ILE38;D:GLY39;D:GLU40;D:ARG41;D:GLN43,B:ALA68;B:ASN12;B:ASN128;B:ASP22;B:ASP355;B:GLN16;B:GLN384;B:GLU90;B:GLY18;B:HIS409;B:LEU14;B:LEU17;B:LEU325;B:LEU348;B:LEU69;B:LEU98;B:LYS13;B:PHE357;B:SER11;B:SER418;B:SER99;B:THR15;B:THR358;B:TYR101
D,B,36,47,12,D:36-47,10,36,22,3.7212815666666668,2.6021187,36,1.8530534090465591,3.0,73.00925252379893,D:TYR37;D:ILE38;D:GLY39;D:GLU40;D:ARG41;D:GLN43;D:TYR44;D:ARG45;D:ASP46;D:LEU47,B:ALA415;B:ARG29;B:ASN12;B:ASP355;B:GLN384;B:GLN408;B:HIS346;B:HIS409;B:ILE438;B:LEU17;B:LEU325;B:LEU348;B:LEU382;B:LYS13;B:LYS465;B:PHE357;B:PHE412;B:SER11;B:SER418;B:THR15;B:THR358;B:VAL417
D,B,16,40,25,D:16-40,15,40,22,3.5566286949999997,2.8565853,40,1.5437835333954044,1.6,71.33120663895404,D:HIS16;D:MET21;D:ILE23;D:ALA25;D:LEU26;D:LYS28;D:ALA30;D:CYS31;D:ASN32;D:CYS33;D:VAL35;D:TYR37;D:ILE38;D:GLY39;D:GLU40,B:ALA68;B:ARG353;B:ASN12;B:ASN128;B:ASP22;B:GLN16;B:GLN384;B:GLU90;B:GLY18;B:HIS409;B:LEU14;B:LEU17;B:LEU69;B:LEU98;B:LYS13;B:PRO349;B:SER11;B:SER418;B:SER99;B:THR15;B:TYR101;B:TYR45
D,B,39,50,12,D:39-50,11,37,22,3.6724549783783784,2.6021187,37,1.4427939323487262,3.0833333333333335,70.62215101177556,D:GLY39;D:GLU40;D:ARG41;D:GLN43;D:TYR44;D:ARG45;D:ASP46;D:LEU47;D:LYS48;D:TRP49;D:TRP50,B:ALA415;B:ARG29;B:ASN12;B:ASP355;B:GLN384;B:GLN408;B:GLN411;B:HIS346;B:HIS409;B:ILE438;B:LEU325;B:LEU348;B:LEU382;B:LYS13;B:LYS465;B:PHE357;B:PHE412;B:SER11;B:SER418;B:THR15;B:THR358;B:VAL417
D,B,38,47,10,D:38-47,9,34,22,3.69821655,2.6021187,34,1.801795122685533,3.4,70.61973467685533,D:ILE38;D:GLY39;D:GLU40;D:ARG41;D:GLN43;D:TYR44;D:ARG45;D:ASP46;D:LEU47,B:ALA415;B:ARG29;B:ASN12;B:ASP355;B:GLN384;B:GLN408;B:HIS346;B:HIS409;B:ILE438;B:LEU17;B:LEU325;B:LEU348;B:LEU382;B:LYS13;B:LYS465;B:PHE357;B:PHE412;B:SER11;B:SER418;B:THR15;B:THR358;B:VAL417
D,B,15,39,25,D:15-39,15,39,22,3.6199768794871794,2.8565853,39,1.4407598943843225,1.56,68.65762206435605,D:LEU15;D:HIS16;D:MET21;D:ILE23;D:ALA25;D:LEU26;D:LYS28;D:ALA30;D:CYS31;D:ASN32;D:CYS33;D:VAL35;D:TYR37;D:ILE38;D:GLY39,B:ALA68;B:ARG353;B:ASN12;B:ASN128;B:ASP22;B:GLN16;B:GLN384;B:GLU90;B:GLY18;B:HIS409;B:LEU14;B:LEU17;B:LEU325;B:LEU69;B:LEU98;B:PRO349;B:SER418;B:SER99;B:THR15;B:TYR101;B:TYR45;B:VAL350
D,B,32,46,15,D:32-46,12,35,20,3.6211616028571427,2.6021187,35,1.6744736406836855,2.3333333333333335,68.0402414706464,D:ASN32;D:CYS33;D:VAL35;D:TYR37;D:ILE38;D:GLY39;D:GLU40;D:ARG41;D:GLN43;D:TYR44;D:ARG45;D:ASP46,B:ARG29;B:ASN12;B:ASP22;B:ASP355;B:GLN16;B:GLN384;B:GLN408;B:GLY18;B:HIS346;B:HIS409;B:LEU17;B:LEU325;B:LEU348;B:LEU382;B:LYS13;B:PHE357;B:SER11;B:SER418;B:THR15;B:THR358
D,B,31,45,15,D:31-45,12,35,19,3.556534025714286,2.6021187,35,1.6528874262892521,2.3333333333333335,67.8890069038449,D:CYS31;D:ASN32;D:CYS33;D:VAL35;D:TYR37;D:ILE38;D:GLY39;D:GLU40;D:ARG41;D:GLN43;D:TYR44;D:ARG45,B:ASN12;B:ASP22;B:ASP355;B:GLN16;B:GLN384;B:GLN408;B:GLY18;B:HIS346;B:HIS409;B:LEU17;B:LEU325;B:LEU348;B:LEU382;B:LYS13;B:PHE357;B:SER11;B:SER418;B:THR15;B:THR358
D,B,21,40,20,D:21-40,14,37,19,3.5333264297297293,2.8565853,37,1.4925164890918305,1.85,67.59183846118859,D:MET21;D:ILE23;D:ALA25;D:LEU26;D:LYS28;D:ALA30;D:CYS31;D:ASN32;D:CYS33;D:VAL35;D:TYR37;D:ILE38;D:GLY39;D:GLU40,B:ALA68;B:ASN12;B:ASN128;B:ASP22;B:GLN16;B:GLU90;B:GLY18;B:HIS409;B:LEU14;B:LEU17;B:LEU69;B:LEU98;B:LYS13;B:SER11;B:SER418;B:SER99;B:THR15;B:TYR101;B:TYR45
D,B,30,44,15,D:30-44,12,34,20,3.5738859029411763,2.8565853,34,1.742809566553858,2.2666666666666666,67.13754309593074,D:ALA30;D:CYS31;D:ASN32;D:CYS33;D:VAL35;D:TYR37;D:ILE38;D:GLY39;D:GLU40;D:ARG41;D:GLN43;D:TYR44,B:ASN12;B:ASP22;B:ASP355;B:GLN16;B:GLN384;B:GLN408;B:GLY18;B:HIS346;B:HIS409;B:LEU14;B:LEU17;B:LEU325;B:LEU348;B:LEU382;B:LYS13;B:PHE357;B:SER11;B:SER418;B:THR15;B:THR358
D,B,39,48,10,D:39-48,9,34,22,3.6770464970588237,2.6021187,34,1.4375156109745144,3.4,66.99810961268632,D:GLY39;D:GLU40;D:ARG41;D:GLN43;D:TYR44;D:ARG45;D:ASP46;D:LEU47;D:LYS48,B:ALA415;B:ARG29;B:ASN12;B:ASP355;B:GLN384;B:GLN408;B:GLN411;B:HIS346;B:HIS409;B:ILE438;B:LEU325;B:LEU348;B:LEU382;B:LYS13;B:LYS465;B:PHE357;B:PHE412;B:SER11;B:SER418;B:THR15;B:THR358;B:VAL417
D,B,40,49,10,D:40-49,9,34,22,3.660419888235294,2.6021187,34,1.355980338999745,3.4,66.19938350176216,D:GLU40;D:ARG41;D:GLN43;D:TYR44;D:ARG45;D:ASP46;D:LEU47;D:LYS48;D:TRP49,B:ALA415;B:ARG29;B:ASN12;B:ASP355;B:GLN384;B:GLN408;B:GLN411;B:HIS346;B:HIS409;B:ILE438;B:LEU325;B:LEU348;B:LEU382;B:LYS13;B:LYS465;B:PHE357;B:PHE412;B:SER11;B:SER418;B:THR15;B:THR358;B:VAL417
D,B,14,38,25,D:14-38,14,37,22,3.6276026972972972,2.8565853,37,1.3539463010353412,1.48,64.62186031305612,D:LEU15;D:HIS16;D:MET21;D:ILE23;D:ALA25;D:LEU26;D:LYS28;D:ALA30;D:CYS31;D:ASN32;D:CYS33;D:VAL35;D:TYR37;D:ILE38,B:ALA68;B:ARG353;B:ASN12;B:ASN128;B:ASP22;B:GLN16;B:GLN384;B:GLU90;B:GLY18;B:HIS409;B:LEU14;B:LEU17;B:LEU325;B:LEU69;B:LEU98;B:PRO349;B:SER418;B:SER99;B:THR15;B:TYR101;B:TYR45;B:VAL350
D,B,9,33,25,D:9-33,16,39,21,3.6190413974358977,2.8565853,39,0.9321616739424952,1.56,63.57257534198906,D:SER9;D:HIS10;D:ASP11;D:GLY12;D:TYR13;D:LEU15;D:HIS16;D:MET21;D:ILE23;D:ALA25;D:LEU26;D:LYS28;D:ALA30;D:CYS31;D:ASN32;D:CYS33,B:ALA68;B:ARG353;B:ASN128;B:ASP355;B:GLN16;B:GLN384;B:GLU90;B:GLY18;B:LEU14;B:LEU17;B:LEU325;B:LEU69;B:LEU98;B:PHE357;B:PRO349;B:SER356;B:SER99;B:THR15;B:TYR101;B:TYR45;B:VAL350
D,B,11,35,25,D:11-35,15,38,22,3.6215428342105267,2.8565853,38,0.9321616739424952,1.52,61.99007390521443,D:ASP11;D:GLY12;D:TYR13;D:LEU15;D:HIS16;D:MET21;D:ILE23;D:ALA25;D:LEU26;D:LYS28;D:ALA30;D:CYS31;D:ASN32;D:CYS33;D:VAL35,B:ALA68;B:ARG353;B:ASN128;B:ASP22;B:ASP355;B:GLN16;B:GLN384;B:GLU90;B:GLY18;B:LEU14;B:LEU17;B:LEU325;B:LEU69;B:LEU98;B:PHE357;B:PRO349;B:SER356;B:SER99;B:THR15;B:TYR101;B:TYR45;B:VAL350
D,B,10,34,25,D:10-34,15,38,21,3.6274884421052636,2.8565853,38,0.9321616739424952,1.52,61.9841282973197,D:HIS10;D:ASP11;D:GLY12;D:TYR13;D:LEU15;D:HIS16;D:MET21;D:ILE23;D:ALA25;D:LEU26;D:LYS28;D:ALA30;D:CYS31;D:ASN32;D:CYS33,B:ALA68;B:ARG353;B:ASN128;B:ASP355;B:GLN16;B:GLN384;B:GLU90;B:GLY18;B:LEU14;B:LEU17;B:LEU325;B:LEU69;B:LEU98;B:PHE357;B:PRO349;B:SER356;B:SER99;B:THR15;B:TYR101;B:TYR45;B:VAL350
D,B,42,51,10,D:42-51,9,33,19,3.7062454393939395,2.6021187,33,1.1044660860870905,3.3,61.93841542147696,D:GLN43;D:TYR44;D:ARG45;D:ASP46;D:LEU47;D:LYS48;D:TRP49;D:TRP50;D:GLU51,B:ALA415;B:ARG29;B:GLN384;B:GLN408;B:GLN411;B:GLY441;B:HIS346;B:HIS409;B:ILE438;B:ILE467;B:LEU325;B:LEU348;B:LEU382;B:LYS465;B:PHE412;B:SER418;B:SER440;B:SER468;B:VAL417
D,B,20,39,20,D:20-39,13,33,17,3.540306566666666,2.8565853,33,1.3528109627139298,1.65,59.78780306047263,D:MET21;D:ILE23;D:ALA25;D:LEU26;D:LYS28;D:ALA30;D:CYS31;D:ASN32;D:CYS33;D:VAL35;D:TYR37;D:ILE38;D:GLY39,B:ALA68;B:ASN12;B:ASN128;B:ASP22;B:GLN16;B:GLU90;B:GLY18;B:HIS409;B:LEU14;B:LEU17;B:LEU69;B:LEU98;B:SER418;B:SER99;B:THR15;B:TYR101;B:TYR45
D,B,41,50,10,D:41-50,9,31,18,3.7103249838709678,2.6021187,31,1.2162748126218443,3.1,59.65242314234748,D:ARG41;D:GLN43;D:TYR44;D:ARG45;D:ASP46;D:LEU47;D:LYS48;D:TRP49;D:TRP50,B:ALA415;B:ARG29;B:ASP355;B:GLN384;B:GLN408;B:GLN411;B:HIS346;B:HIS409;B:ILE438;B:LEU325;B:LEU348;B:LEU382;B:LYS465;B:PHE357;B:PHE412;B:SER418;B:THR358;B:VAL417
D,B,40,47,8,D:40-47,7,29,21,3.6931944068965517,2.6021187,29,1.317184767498694,3.625,59.02865326809039,D:GLU40;D:ARG41;D:GLN43;D:TYR44;D:ARG45;D:ASP46;D:LEU47,B:ALA415;B:ARG29;B:ASN12;B:ASP355;B:GLN384;B:GLN408;B:HIS346;B:HIS409;B:ILE438;B:LEU325;B:LEU348;B:LEU382;B:LYS13;B:LYS465;B:PHE357;B:PHE412;B:SER11;B:SER418;B:THR15;B:THR358;B:VAL417
D,B,12,36,25,D:12-36,14,36,22,3.6171103750000007,2.8565853,36,0.923282932187041,1.44,58.745718946870404,D:GLY12;D:TYR13;D:LEU15;D:HIS16;D:MET21;D:ILE23;D:ALA25;D:LEU26;D:LYS28;D:ALA30;D:CYS31;D:ASN32;D:CYS33;D:VAL35,B:ALA68;B:ARG353;B:ASN128;B:ASP22;B:ASP355;B:GLN16;B:GLN384;B:GLU90;B:GLY18;B:LEU14;B:LEU17;B:LEU325;B:LEU69;B:LEU98;B:PHE357;B:PRO349;B:SER356;B:SER99;B:THR15;B:TYR101;B:TYR45;B:VAL350
D,B,44,51,8,D:44-51,8,30,18,3.7053689000000007,2.6021187,30,1.022445979523605,3.75,57.819090895236045,D:TYR44;D:ARG45;D:ASP46;D:LEU47;D:LYS48;D:TRP49;D:TRP50;D:GLU51,B:ALA415;B:ARG29;B:GLN384;B:GLN408;B:GLN411;B:GLY441;B:HIS346;B:HIS409;B:ILE438;B:ILE467;B:LEU325;B:LEU382;B:LYS465;B:PHE412;B:SER418;B:SER440;B:SER468;B:VAL417
D,B,35,46,12,D:35-46,10,29,18,3.696275220689656,2.6021187,29,1.4702849978534904,2.4166666666666665,57.53990809117858,D:VAL35;D:TYR37;D:ILE38;D:GLY39;D:GLU40;D:ARG41;D:GLN43;D:TYR44;D:ARG45;D:ASP46,B:ARG29;B:ASN12;B:ASP22;B:ASP355;B:GLN384;B:GLN408;B:HIS346;B:HIS409;B:LEU17;B:LEU325;B:LEU348;B:LEU382;B:LYS13;B:PHE357;B:SER11;B:SER418;B:THR15;B:THR358
D,B,13,37,25,D:13-37,14,35,21,3.5992250914285715,2.8565853,35,0.9561495391974837,1.4,57.51227030054627,D:TYR13;D:LEU15;D:HIS16;D:MET21;D:ILE23;D:ALA25;D:LEU26;D:LYS28;D:ALA30;D:CYS31;D:ASN32;D:CYS33;D:VAL35;D:TYR37,B:ALA68;B:ARG353;B:ASN128;B:ASP22;B:GLN16;B:GLN384;B:GLU90;B:GLY18;B:LEU14;B:LEU17;B:LEU325;B:LEU69;B:LEU98;B:PHE357;B:PRO349;B:SER418;B:SER99;B:THR15;B:TYR101;B:TYR45;B:VAL350
D,B,37,46,10,D:37-46,9,28,17,3.7209438642857147,2.6021187,28,1.4702849978534904,2.8,57.081906114249186,D:TYR37;D:ILE38;D:GLY39;D:GLU40;D:ARG41;D:GLN43;D:TYR44;D:ARG45;D:ASP46,B:ARG29;B:ASN12;B:ASP355;B:GLN384;B:GLN408;B:HIS346;B:HIS409;B:LEU17;B:LEU325;B:LEU348;B:LEU382;B:LYS13;B:PHE357;B:SER11;B:SER418;B:THR15;B:THR358
D,B,29,43,15,D:29-43,11,29,17,3.5309485034482764,2.8565853,29,1.4882859614594768,1.9333333333333333,56.46857777781315,D:ALA30;D:CYS31;D:ASN32;D:CYS33;D:VAL35;D:TYR37;D:ILE38;D:GLY39;D:GLU40;D:ARG41;D:GLN43,B:ASN12;B:ASP22;B:ASP355;B:GLN16;B:GLN384;B:GLY18;B:HIS409;B:LEU14;B:LEU17;B:LEU325;B:LEU348;B:LYS13;B:PHE357;B:SER11;B:SER418;B:THR15;B:THR358
D,B,41,48,8,D:41-48,7,28,18,3.7199579000000003,2.6021187,28,1.2109964912476325,3.5,56.19000701247633,D:ARG41;D:GLN43;D:TYR44;D:ARG45;D:ASP46;D:LEU47;D:LYS48,B:ALA415;B:ARG29;B:ASP355;B:GLN384;B:GLN408;B:GLN411;B:HIS346;B:HIS409;B:ILE438;B:LEU325;B:LEU348;B:LEU382;B:LYS465;B:PHE357;B:PHE412;B:SER418;B:THR358;B:VAL417
D,B,19,38,20,D:19-38,12,31,17,3.5442683290322585,2.8565853,31,1.2659973693649484,1.55,55.71570536461723,D:MET21;D:ILE23;D:ALA25;D:LEU26;D:LYS28;D:ALA30;D:CYS31;D:ASN32;D:CYS33;D:VAL35;D:TYR37;D:ILE38,B:ALA68;B:ASN12;B:ASN128;B:ASP22;B:GLN16;B:GLU90;B:GLY18;B:HIS409;B:LEU14;B:LEU17;B:LEU69;B:LEU98;B:SER418;B:SER99;B:THR15;B:TYR101;B:TYR45
D,B,33,44,12,D:33-44,9,28,19,3.6441693464285705,2.8565853,28,1.4322502058232647,2.3333333333333335,55.54499937847074,D:CYS33;D:VAL35;D:TYR37;D:ILE38;D:GLY39;D:GLU40;D:ARG41;D:GLN43;D:TYR44,B:ASN12;B:ASP22;B:ASP355;B:GLN16;B:GLN384;B:GLN408;B:GLY18;B:HIS346;B:HIS409;B:LEU17;B:LEU325;B:LEU348;B:LEU382;B:LYS13;B:PHE357;B:SER11;B:SER418;B:THR15;B:THR358
D,B,26,40,15,D:26-40,11,29,16,3.506201234482759,2.8565853,29,1.351725012683916,1.9333333333333333,55.127715559023066,D:LEU26;D:LYS28;D:ALA30;D:CYS31;D:ASN32;D:CYS33;D:VAL35;D:TYR37;D:ILE38;D:GLY39;D:GLU40,B:ALA68;B:ASN12;B:ASP22;B:GLN16;B:GLU90;B:GLY18;B:HIS409;B:LEU14;B:LEU17;B:LEU69;B:LEU98;B:LYS13;B:SER11;B:SER418;B:SER99;B:THR15
D,B,27,41,15,D:27-41,11,28,16,3.4969129750000003,2.8565853,28,1.4329020801623535,1.8666666666666667,54.31544115995687,D:LYS28;D:ALA30;D:CYS31;D:ASN32;D:CYS33;D:VAL35;D:TYR37;D:ILE38;D:GLY39;D:GLU40;D:ARG41,B:ASN12;B:ASP22;B:ASP355;B:GLN16;B:GLU90;B:GLY18;B:HIS409;B:LEU14;B:LEU17;B:LEU325;B:LYS13;B:PHE357;B:SER11;B:SER418;B:THR15;B:THR358
D,B,28,42,15,D:28-42,11,28,16,3.4969129750000003,2.8565853,28,1.4329020801623535,1.8666666666666667,54.31544115995687,D:LYS28;D:ALA30;D:CYS31;D:ASN32;D:CYS33;D:VAL35;D:TYR37;D:ILE38;D:GLY39;D:GLU40;D:ARG41,B:ASN12;B:ASP22;B:ASP355;B:GLN16;B:GLU90;B:GLY18;B:HIS409;B:LEU14;B:LEU17;B:LEU325;B:LYS13;B:PHE357;B:SER11;B:SER418;B:THR15;B:THR358
D,B,25,39,15,D:25-39,11,29,16,3.5196800310344836,2.8565853,29,1.2654821955906423,1.9333333333333333,54.25180859153861,D:ALA25;D:LEU26;D:LYS28;D:ALA30;D:CYS31;D:ASN32;D:CYS33;D:VAL35;D:TYR37;D:ILE38;D:GLY39,B:ALA68;B:ASN12;B:ASN128;B:ASP22;B:GLN16;B:GLU90;B:GLY18;B:HIS409;B:LEU14;B:LEU17;B:LEU69;B:LEU98;B:SER418;B:SER99;B:THR15;B:TYR101
D,B,34,45,12,D:34-45,9,27,17,3.664122385185186,2.6021187,27,1.4421094886848307,2.25,53.956972501663124,D:VAL35;D:TYR37;D:ILE38;D:GLY39;D:GLU40;D:ARG41;D:GLN43;D:TYR44;D:ARG45,B:ASN12;B:ASP22;B:ASP355;B:GLN384;B:GLN408;B:HIS346;B:HIS409;B:LEU17;B:LEU325;B:LEU348;B:LEU382;B:LYS13;B:PHE357;B:SER11;B:SER418;B:THR15;B:THR358
D,B,36,45,10,D:36-45,8,26,16,3.6894519692307695,2.6021187,26,1.4421094886848307,2.6,53.431642917617545,D:TYR37;D:ILE38;D:GLY39;D:GLU40;D:ARG41;D:GLN43;D:TYR44;D:ARG45,B:ASN12;B:ASP355;B:GLN384;B:GLN408;B:HIS346;B:HIS409;B:LEU17;B:LEU325;B:LEU348;B:LEU382;B:LYS13;B:PHE357;B:SER11;B:SER418;B:THR15;B:THR358
D,B,43,50,8,D:43-50,8,27,15,3.716429514814815,2.6021187,27,1.00001403129257,3.375,52.333710798110886,D:GLN43;D:TYR44;D:ARG45;D:ASP46;D:LEU47;D:LYS48;D:TRP49;D:TRP50,B:ALA415;B:ARG29;B:GLN384;B:GLN408;B:GLN411;B:HIS346;B:HIS409;B:ILE438;B:LEU325;B:LEU348;B:LEU382;B:LYS465;B:PHE412;B:SER418;B:VAL417
D,B,30,41,12,D:30-41,10,26,15,3.509710542307693,2.8565853,26,1.4062658548959912,2.1666666666666665,52.08628133998556,D:ALA30;D:CYS31;D:ASN32;D:CYS33;D:VAL35;D:TYR37;D:ILE38;D:GLY39;D:GLU40;D:ARG41,B:ASN12;B:ASP22;B:ASP355;B:GLN16;B:GLY18;B:HIS409;B:LEU14;B:LEU17;B:LEU325;B:LYS13;B:PHE357;B:SER11;B:SER418;B:THR15;B:THR358
D,B,15,34,20,D:15-34,11,31,18,3.590646661290323,2.8565853,31,0.9048912528364577,1.55,52.058265867074255,D:LEU15;D:HIS16;D:MET21;D:ILE23;D:ALA25;D:LEU26;D:LYS28;D:ALA30;D:CYS31;D:ASN32;D:CYS33,B:ALA68;B:ARG353;B:ASN128;B:GLN16;B:GLN384;B:GLU90;B:GLY18;B:LEU14;B:LEU17;B:LEU325;B:LEU69;B:LEU98;B:PRO349;B:SER99;B:THR15;B:TYR101;B:TYR45;B:VAL350
D,B,14,33,20,D:14-33,11,31,18,3.590646661290323,2.8565853,31,0.9048912528364577,1.55,52.058265867074255,D:LEU15;D:HIS16;D:MET21;D:ILE23;D:ALA25;D:LEU26;D:LYS28;D:ALA30;D:CYS31;D:ASN32;D:CYS33,B:ALA68;B:ARG353;B:ASN128;B:GLN16;B:GLN384;B:GLU90;B:GLY18;B:LEU14;B:LEU17;B:LEU325;B:LEU69;B:LEU98;B:PRO349;B:SER99;B:THR15;B:TYR101;B:TYR45;B:VAL350
D,B,38,45,8,D:38-45,7,24,16,3.6541240625000007,2.6021187,24,1.3908512023238047,3.0,51.05438796073804,D:ILE38;D:GLY39;D:GLU40;D:ARG41;D:GLN43;D:TYR44;D:ARG45,B:ASN12;B:ASP355;B:GLN384;B:GLN408;B:HIS346;B:HIS409;B:LEU17;B:LEU325;B:LEU348;B:LEU382;B:LYS13;B:PHE357;B:SER11;B:SER418;B:THR15;B:THR358
D,B,42,49,8,D:42-49,7,26,15,3.687493746153846,2.6021187,26,1.00001403129257,3.25,50.61264656677185,D:GLN43;D:TYR44;D:ARG45;D:ASP46;D:LEU47;D:LYS48;D:TRP49,B:ALA415;B:ARG29;B:GLN384;B:GLN408;B:GLN411;B:HIS346;B:HIS409;B:ILE438;B:LEU325;B:LEU348;B:LEU382;B:LYS465;B:PHE412;B:SER418;B:VAL417
D,B,24,38,15,D:24-38,10,27,16,3.5227008296296303,2.8565853,27,1.178668602241661,1.8,50.113985192786984,D:ALA25;D:LEU26;D:LYS28;D:ALA30;D:CYS31;D:ASN32;D:CYS33;D:VAL35;D:TYR37;D:ILE38,B:ALA68;B:ASN12;B:ASN128;B:ASP22;B:GLN16;B:GLU90;B:GLY18;B:HIS409;B:LEU14;B:LEU17;B:LEU69;B:LEU98;B:SER418;B:SER99;B:THR15;B:TYR101
D,B,16,35,20,D:16-35,11,29,17,3.4999547586206896,2.8565853,29,0.8682093654696388,1.45,48.5821388960757,D:HIS16;D:MET21;D:ILE23;D:ALA25;D:LEU26;D:LYS28;D:ALA30;D:CYS31;D:ASN32;D:CYS33;D:VAL35,B:ALA68;B:ARG353;B:ASN128;B:ASP22;B:GLN16;B:GLN384;B:GLU90;B:GLY18;B:LEU14;B:LEU17;B:LEU69;B:LEU98;B:PRO349;B:SER99;B:THR15;B:TYR101;B:TYR45
D,B,32,43,12,D:32-43,9,25,16,3.565687912,2.8565853,25,1.1780436986487208,2.0833333333333335,48.081415741153876,D:ASN32;D:CYS33;D:VAL35;D:TYR37;D:ILE38;D:GLY39;D:GLU40;D:ARG41;D:GLN43,B:ASN12;B:ASP22;B:ASP355;B:GLN16;B:GLN384;B:GLY18;B:HIS409;B:LEU17;B:LEU325;B:LEU348;B:LYS13;B:PHE357;B:SER11;B:SER418;B:THR15;B:THR358
D,B,35,44,10,D:35-44,8,24,17,3.6961723833333338,2.8626277,24,1.228378660912907,2.4,47.88761422579573,D:VAL35;D:TYR37;D:ILE38;D:GLY39;D:GLU40;D:ARG41;D:GLN43;D:TYR44,B:ASN12;B:ASP22;B:ASP355;B:GLN384;B:GLN408;B:HIS346;B:HIS409;B:LEU17;B:LEU325;B:LEU348;B:LEU382;B:LYS13;B:PHE357;B:SER11;B:SER418;B:THR15;B:THR358
D,B,37,44,8,D:37-44,7,23,16,3.7261993043478254,2.8626277,23,1.228378660912907,2.875,47.60758730478124,D:TYR37;D:ILE38;D:GLY39;D:GLU40;D:ARG41;D:GLN43;D:TYR44,B:ASN12;B:ASP355;B:GLN384;B:GLN408;B:HIS346;B:HIS409;B:LEU17;B:LEU325;B:LEU348;B:LEU382;B:LYS13;B:PHE357;B:SER11;B:SER418;B:THR15;B:THR358
D,B,23,37,15,D:23-37,10,27,15,3.478221522222222,2.8565853,27,0.8682006075270909,1.8,47.053784553048686,D:ILE23;D:ALA25;D:LEU26;D:LYS28;D:ALA30;D:CYS31;D:ASN32;D:CYS33;D:VAL35;D:TYR37,B:ALA68;B:ASN128;B:ASP22;B:GLN16;B:GLU90;B:GLY18;B:LEU14;B:LEU17;B:LEU69;B:LEU98;B:SER418;B:SER99;B:THR15;B:TYR101;B:TYR45
D,B,18,37,20,D:18-37,11,28,15,3.50690685,2.8565853,28,0.8682006075270909,1.4,46.9750992252709,D:MET21;D:ILE23;D:ALA25;D:LEU26;D:LYS28;D:ALA30;D:CYS31;D:ASN32;D:CYS33;D:VAL35;D:TYR37,B:ALA68;B:ASN128;B:ASP22;B:GLN16;B:GLU90;B:GLY18;B:LEU14;B:LEU17;B:LEU69;B:LEU98;B:SER418;B:SER99;B:THR15;B:TYR101;B:TYR45
D,B,12,31,20,D:12-31,11,29,19,3.7124739862068967,2.887887,29,0.7190942893568458,1.45,46.878468907361565,D:GLY12;D:TYR13;D:LEU15;D:HIS16;D:MET21;D:ILE23;D:ALA25;D:LEU26;D:LYS28;D:ALA30;D:CYS31,B:ALA68;B:ARG353;B:ASN128;B:ASP355;B:GLN16;B:GLN384;B:GLU90;B:LEU14;B:LEU325;B:LEU69;B:LEU98;B:PHE357;B:PRO349;B:SER356;B:SER99;B:THR15;B:TYR101;B:TYR45;B:VAL350
D,B,11,30,20,D:11-30,11,29,18,3.7608857931034487,2.887887,29,0.7213837363380737,1.45,46.852951570277284,D:ASP11;D:GLY12;D:TYR13;D:LEU15;D:HIS16;D:MET21;D:ILE23;D:ALA25;D:LEU26;D:LYS28;D:ALA30,B:ALA68;B:ARG353;B:ASN128;B:ASP355;B:GLN384;B:GLU90;B:LEU14;B:LEU325;B:LEU69;B:LEU98;B:PHE357;B:PRO349;B:SER356;B:SER99;B:THR15;B:TYR101;B:TYR45;B:VAL350
D,B,31,42,12,D:31-42,9,24,14,3.4998282125,2.8565853,24,1.1026128868594616,2.0,45.726300656094615,D:CYS31;D:ASN32;D:CYS33;D:VAL35;D:TYR37;D:ILE38;D:GLY39;D:GLU40;D:ARG41,B:ASN12;B:ASP22;B:ASP355;B:GLN16;B:GLY18;B:HIS409;B:LEU17;B:LEU325;B:LYS13;B:PHE357;B:SER11;B:SER418;B:THR15;B:THR358
D,B,39,46,8,D:39-46,7,23,16,3.664379482608696,2.6021187,23,1.0212299496546067,2.875,45.59792001393737,D:GLY39;D:GLU40;D:ARG41;D:GLN43;D:TYR44;D:ARG45;D:ASP46,B:ARG29;B:ASN12;B:ASP355;B:GLN384;B:GLN408;B:HIS346;B:HIS409;B:LEU325;B:LEU348;B:LEU382;B:LYS13;B:PHE357;B:SER11;B:SER418;B:THR15;B:THR358
D,B,13,32,20,D:13-32,11,28,18,3.621855242857143,2.887887,28,0.7010197079261,1.4,45.18834183640385,D:TYR13;D:LEU15;D:HIS16;D:MET21;D:ILE23;D:ALA25;D:LEU26;D:LYS28;D:ALA30;D:CYS31;D:ASN32,B:ALA68;B:ARG353;B:ASN128;B:GLN16;B:GLN384;B:GLU90;B:GLY18;B:LEU14;B:LEU325;B:LEU69;B:LEU98;B:PHE357;B:PRO349;B:SER99;B:THR15;B:TYR101;B:TYR45;B:VAL350
D,B,21,35,15,D:21-35,10,26,14,3.460254542307692,2.8565853,26,0.8169423211660649,1.7333333333333334,44.925835336019624,D:MET21;D:ILE23;D:ALA25;D:LEU26;D:LYS28;D:ALA30;D:CYS31;D:ASN32;D:CYS33;D:VAL35,B:ALA68;B:ASN128;B:ASP22;B:GLN16;B:GLU90;B:GLY18;B:LEU14;B:LEU17;B:LEU69;B:LEU98;B:SER99;B:THR15;B:TYR101;B:TYR45
D,B,9,28,20,D:9-28,12,29,17,3.735814862068965,2.887887,29,0.4177307683015441,1.45,43.84149282094648,D:SER9;D:HIS10;D:ASP11;D:GLY12;D:TYR13;D:LEU15;D:HIS16;D:MET21;D:ILE23;D:ALA25;D:LEU26;D:LYS28,B:ALA68;B:ARG353;B:ASN128;B:ASP355;B:GLN384;B:GLU90;B:LEU14;B:LEU325;B:LEU69;B:LEU98;B:PHE357;B:PRO349;B:SER356;B:SER99;B:TYR101;B:TYR45;B:VAL350
D,B,22,36,15,D:22-36,9,25,14,3.427408296,2.8565853,25,0.8169423211660649,1.6666666666666667,43.32534824899398,D:ILE23;D:ALA25;D:LEU26;D:LYS28;D:ALA30;D:CYS31;D:ASN32;D:CYS33;D:VAL35,B:ALA68;B:ASN128;B:ASP22;B:GLN16;B:GLU90;B:GLY18;B:LEU14;B:LEU17;B:LEU69;B:LEU98;B:SER99;B:THR15;B:TYR101;B:TYR45
D,B,32,41,10,D:32-41,8,22,14,3.5453256954545456,2.8565853,22,1.0960235920852353,2.2,43.31491022539781,D:ASN32;D:CYS33;D:VAL35;D:TYR37;D:ILE38;D:GLY39;D:GLU40;D:ARG41,B:ASN12;B:ASP22;B:ASP355;B:GLN16;B:GLY18;B:HIS409;B:LEU17;B:LEU325;B:LYS13;B:PHE357;B:SER11;B:SER418;B:THR15;B:THR358
D,B,17,36,20,D:17-36,10,26,14,3.460254542307692,2.8565853,26,0.8169423211660649,1.3,43.30916866935296,D:MET21;D:ILE23;D:ALA25;D:LEU26;D:LYS28;D:ALA30;D:CYS31;D:ASN32;D:CYS33;D:VAL35,B:ALA68;B:ASN128;B:ASP22;B:GLN16;B:GLU90;B:GLY18;B:LEU14;B:LEU17;B:LEU69;B:LEU98;B:SER99;B:THR15;B:TYR101;B:TYR45
D,B,29,40,12,D:29-40,9,22,11,3.4807271136363642,2.8565853,22,1.190005073566717,1.8333333333333333,43.28599028869747,D:ALA30;D:CYS31;D:ASN32;D:CYS33;D:VAL35;D:TYR37;D:ILE38;D:GLY39;D:GLU40,B:ASN12;B:ASP22;B:GLN16;B:GLY18;B:HIS409;B:LEU14;B:LEU17;B:LYS13;B:SER11;B:SER418;B:THR15
D,B,20,34,15,D:20-34,9,25,13,3.478442596,2.8565853,25,0.8169423211660649,1.6666666666666667,43.274313948993985,D:MET21;D:ILE23;D:ALA25;D:LEU26;D:LYS28;D:ALA30;D:CYS31;D:ASN32;D:CYS33,B:ALA68;B:ASN128;B:GLN16;B:GLU90;B:GLY18;B:LEU14;B:LEU17;B:LEU69;B:LEU98;B:SER99;B:THR15;B:TYR101;B:TYR45
D,B,19,33,15,D:19-33,9,25,13,3.478442596,2.8565853,25,0.8169423211660649,1.6666666666666667,43.274313948993985,D:MET21;D:ILE23;D:ALA25;D:LEU26;D:LYS28;D:ALA30;D:CYS31;D:ASN32;D:CYS33,B:ALA68;B:ASN128;B:GLN16;B:GLU90;B:GLY18;B:LEU14;B:LEU17;B:LEU69;B:LEU98;B:SER99;B:THR15;B:TYR101;B:TYR45
D,B,23,34,12,D:23-34,8,24,13,3.4449855916666667,2.8565853,24,0.8169423211660649,2.0,42.92443761999399,D:ILE23;D:ALA25;D:LEU26;D:LYS28;D:ALA30;D:CYS31;D:ASN32;D:CYS33,B:ALA68;B:ASN128;B:GLN16;B:GLU90;B:GLY18;B:LEU14;B:LEU17;B:LEU69;B:LEU98;B:SER99;B:THR15;B:TYR101;B:TYR45
D,B,22,33,12,D:22-33,8,24,13,3.4449855916666667,2.8565853,24,0.8169423211660649,2.0,42.92443761999399,D:ILE23;D:ALA25;D:LEU26;D:LYS28;D:ALA30;D:CYS31;D:ASN32;D:CYS33,B:ALA68;B:ASN128;B:GLN16;B:GLU90;B:GLY18;B:LEU14;B:LEU17;B:LEU69;B:LEU98;B:SER99;B:THR15;B:TYR101;B:TYR45
D,B,10,29,20,D:10-29,11,28,17,3.7514491892857142,2.887887,28,0.4177307683015441,1.4,42.225858493729724,D:HIS10;D:ASP11;D:GLY12;D:TYR13;D:LEU15;D:HIS16;D:MET21;D:ILE23;D:ALA25;D:LEU26;D:LYS28,B:ALA68;B:ARG353;B:ASN128;B:ASP355;B:GLN384;B:GLU90;B:LEU14;B:LEU325;B:LEU69;B:LEU98;B:PHE357;B:PRO349;B:SER356;B:SER99;B:TYR101;B:TYR45;B:VAL350
D,B,33,42,10,D:33-42,7,20,14,3.588854755,2.8565853,20,1.0957064941653978,2.0,39.86821018665398,D:CYS33;D:VAL35;D:TYR37;D:ILE38;D:GLY39;D:GLU40;D:ARG41,B:ASN12;B:ASP22;B:ASP355;B:GLN16;B:GLY18;B:HIS409;B:LEU17;B:LEU325;B:LYS13;B:PHE357;B:SER11;B:SER418;B:THR15;B:THR358
D,B,28,39,12,D:28-39,9,20,10,3.4667062250000003,2.8565853,20,1.0769357724551782,1.6666666666666667,38.83598483288512,D:LYS28;D:ALA30;D:CYS31;D:ASN32;D:CYS33;D:VAL35;D:TYR37;D:ILE38;D:GLY39,B:ASN12;B:ASP22;B:GLN16;B:GLU90;B:GLY18;B:HIS409;B:LEU14;B:LEU17;B:SER418;B:THR15
D,B,25,36,12,D:25-36,8,22,13,3.4185101045454545,2.8565853,22,0.7296135540427773,1.8333333333333333,38.74429210254898,D:ALA25;D:LEU26;D:LYS28;D:ALA30;D:CYS31;D:ASN32;D:CYS33;D:VAL35,B:ALA68;B:ASN128;B:ASP22;B:GLN16;B:GLU90;B:GLY18;B:LEU14;B:LEU17;B:LEU69;B:LEU98;B:SER99;B:THR15;B:TYR101
D,B,24,35,12,D:24-35,8,22,13,3.4185101045454545,2.8565853,22,0.7296135540427773,1.8333333333333333,38.74429210254898,D:ALA25;D:LEU26;D:LYS28;D:ALA30;D:CYS31;D:ASN32;D:CYS33;D:VAL35,B:ALA68;B:ASN128;B:ASP22;B:GLN16;B:GLU90;B:GLY18;B:LEU14;B:LEU17;B:LEU69;B:LEU98;B:SER99;B:THR15;B:TYR101
D,B,24,33,10,D:24-33,7,21,12,3.4381747190476193,2.8565853,21,0.7296135540427773,2.1,38.057960821380156,D:ALA25;D:LEU26;D:LYS28;D:ALA30;D:CYS31;D:ASN32;D:CYS33,B:ALA68;B:ASN128;B:GLN16;B:GLU90;B:GLY18;B:LEU14;B:LEU17;B:LEU69;B:LEU98;B:SER99;B:THR15;B:TYR101
D,B,25,34,10,D:25-34,7,21,12,3.4381747190476193,2.8565853,21,0.7296135540427773,2.1,38.057960821380156,D:ALA25;D:LEU26;D:LYS28;D:ALA30;D:CYS31;D:ASN32;D:CYS33,B:ALA68;B:ASN128;B:GLN16;B:GLU90;B:GLY18;B:LEU14;B:LEU17;B:LEU69;B:LEU98;B:SER99;B:THR15;B:TYR101
D,B,31,40,10,D:31-40,8,20,10,3.465969975,2.8565853,20,0.8863521055301872,2.0,37.897551080301874,D:CYS31;D:ASN32;D:CYS33;D:VAL35;D:TYR37;D:ILE38;D:GLY39;D:GLU40,B:ASN12;B:ASP22;B:GLN16;B:GLY18;B:HIS409;B:LEU17;B:LYS13;B:SER11;B:SER418;B:THR15
D,B,34,43,10,D:34-43,7,19,14,3.662817005263159,2.8626277,19,0.9738550558185256,1.9,36.87573355292209,D:VAL35;D:TYR37;D:ILE38;D:GLY39;D:GLU40;D:ARG41;D:GLN43,B:ASN12;B:ASP22;B:ASP355;B:GLN384;B:HIS409;B:LEU17;B:LEU325;B:LEU348;B:LYS13;B:PHE357;B:SER11;B:SER418;B:THR15;B:THR358
D,B,36,43,8,D:36-43,6,18,13,3.6993316611111116,2.8626277,18,0.9738550558185256,2.25,36.33921889707414,D:TYR37;D:ILE38;D:GLY39;D:GLU40;D:ARG41;D:GLN43,B:ASN12;B:ASP355;B:GLN384;B:HIS409;B:LEU17;B:LEU325;B:LEU348;B:LYS13;B:PHE357;B:SER11;B:SER418;B:THR15;B:THR358
D,B,30,39,10,D:30-39,8,18,9,3.4818352944444446,2.8565853,18,1.0502995471888161,1.8,36.12116017744372,D:ALA30;D:CYS31;D:ASN32;D:CYS33;D:VAL35;D:TYR37;D:ILE38;D:GLY39,B:ASN12;B:ASP22;B:GLN16;B:GLY18;B:HIS409;B:LEU14;B:LEU17;B:SER418;B:THR15
D,B,21,32,12,D:21-32,8,21,12,3.506307638095238,2.887887,21,0.6130707762557073,1.75,35.82440012446184,D:MET21;D:ILE23;D:ALA25;D:LEU26;D:LYS28;D:ALA30;D:CYS31;D:ASN32,B:ALA68;B:ASN128;B:GLN16;B:GLU90;B:GLY18;B:LEU14;B:LEU69;B:LEU98;B:SER99;B:THR15;B:TYR101;B:TYR45
D,B,26,37,12,D:26-37,8,20,12,3.4570074849999997,2.8565853,20,0.7274091311191764,1.6666666666666667,35.35041715952511,D:LEU26;D:LYS28;D:ALA30;D:CYS31;D:ASN32;D:CYS33;D:VAL35;D:TYR37,B:ALA68;B:ASP22;B:GLN16;B:GLU90;B:GLY18;B:LEU14;B:LEU17;B:LEU69;B:LEU98;B:SER418;B:SER99;B:THR15
D,B,12,26,15,D:12-26,8,23,16,3.815015113043478,3.0356479,23,0.38221580127972776,1.5333333333333334,35.323809566420465,D:GLY12;D:TYR13;D:LEU15;D:HIS16;D:MET21;D:ILE23;D:ALA25;D:LEU26,B:ALA68;B:ARG353;B:ASN128;B:ASP355;B:GLN384;B:LEU14;B:LEU325;B:LEU69;B:LEU98;B:PHE357;B:PRO349;B:SER356;B:SER99;B:TYR101;B:TYR45;B:VAL350
D,B,23,32,10,D:23-32,7,20,12,3.4675524849999997,2.887887,20,0.6130707762557073,2.0,35.163155277557074,D:ILE23;D:ALA25;D:LEU26;D:LYS28;D:ALA30;D:CYS31;D:ASN32,B:ALA68;B:ASN128;B:GLN16;B:GLU90;B:GLY18;B:LEU14;B:LEU69;B:LEU98;B:SER99;B:THR15;B:TYR101;B:TYR45
D,B,18,32,15,D:18-32,8,21,12,3.506307638095238,2.887887,21,0.6130707762557073,1.4,34.67440012446183,D:MET21;D:ILE23;D:ALA25;D:LEU26;D:LYS28;D:ALA30;D:CYS31;D:ASN32,B:ALA68;B:ASN128;B:GLN16;B:GLU90;B:GLY18;B:LEU14;B:LEU69;B:LEU98;B:SER99;B:THR15;B:TYR101;B:TYR45
D,B,27,38,12,D:27-38,8,18,10,3.465351444444444,2.8565853,18,0.9901221791061969,1.5,34.63587034661753,D:LYS28;D:ALA30;D:CYS31;D:ASN32;D:CYS33;D:VAL35;D:TYR37;D:ILE38,B:ASN12;B:ASP22;B:GLN16;B:GLU90;B:GLY18;B:HIS409;B:LEU14;B:LEU17;B:SER418;B:THR15
D,B,16,30,15,D:16-30,7,20,13,3.647287415,2.887887,20,0.6574314278652174,1.3333333333333333,33.34369353031884,D:HIS16;D:MET21;D:ILE23;D:ALA25;D:LEU26;D:LYS28;D:ALA30,B:ALA68;B:ARG353;B:ASN128;B:GLN384;B:GLU90;B:LEU14;B:LEU69;B:LEU98;B:PRO349;B:SER99;B:THR15;B:TYR101;B:TYR45
D,B,26,35,10,D:26-35,7,18,11,3.384076444444444,2.8565853,18,0.6761508447581503,1.8,32.47743200313706,D:LEU26;D:LYS28;D:ALA30;D:CYS31;D:ASN32;D:CYS33;D:VAL35,B:ALA68;B:ASP22;B:GLN16;B:GLU90;B:GLY18;B:LEU14;B:LEU17;B:LEU69;B:LEU98;B:SER99;B:THR15
D,B,20,31,12,D:20-31,7,19,11,3.5480205368421056,2.887887,19,0.6127536783358697,1.5833333333333333,32.446182913183264,D:MET21;D:ILE23;D:ALA25;D:LEU26;D:LYS28;D:ALA30;D:CYS31,B:ALA68;B:ASN128;B:GLN16;B:GLU90;B:LEU14;B:LEU69;B:LEU98;B:SER99;B:THR15;B:TYR101;B:TYR45
D,B,14,28,15,D:14-28,7,21,14,3.738383952380952,2.887887,21,0.3904603471955066,1.4,32.21621951957411,D:LEU15;D:HIS16;D:MET21;D:ILE23;D:ALA25;D:LEU26;D:LYS28,B:ALA68;B:ARG353;B:ASN128;B:GLN384;B:GLU90;B:LEU14;B:LEU325;B:LEU69;B:LEU98;B:PRO349;B:SER99;B:TYR101;B:TYR45;B:VAL350
D,B,15,29,15,D:15-29,7,21,14,3.738383952380952,2.887887,21,0.3904603471955066,1.4,32.21621951957411,D:LEU15;D:HIS16;D:MET21;D:ILE23;D:ALA25;D:LEU26;D:LYS28,B:ALA68;B:ARG353;B:ASN128;B:GLN384;B:GLU90;B:LEU14;B:LEU325;B:LEU69;B:LEU98;B:PRO349;B:SER99;B:TYR101;B:TYR45;B:VAL350
D,B,35,42,8,D:35-42,6,16,12,3.6530306625,2.8905134,16,0.8918349492550401,2.0,32.0653188300504,D:VAL35;D:TYR37;D:ILE38;D:GLY39;D:GLU40;D:ARG41,B:ASN12;B:ASP22;B:ASP355;B:HIS409;B:LEU17;B:LEU325;B:LYS13;B:PHE357;B:SER11;B:SER418;B:THR15;B:THR358
D,B,34,41,8,D:34-41,6,16,12,3.6530306625,2.8905134,16,0.8918349492550401,2.0,32.0653188300504,D:VAL35;D:TYR37;D:ILE38;D:GLY39;D:GLU40;D:ARG41,B:ASN12;B:ASP22;B:ASP355;B:HIS409;B:LEU17;B:LEU325;B:LYS13;B:PHE357;B:SER11;B:SER418;B:THR15;B:THR358
D,B,33,40,8,D:33-40,6,16,10,3.56878859375,2.8565853,16,0.8794457128361234,2.0,32.02566853461123,D:CYS33;D:VAL35;D:TYR37;D:ILE38;D:GLY39;D:GLU40,B:ASN12;B:ASP22;B:GLN16;B:GLY18;B:HIS409;B:LEU17;B:LYS13;B:SER11;B:SER418;B:THR15
D,B,26,33,8,D:26-33,6,17,10,3.4063425176470585,2.8565853,17,0.6761508447581503,2.125,31.905165929934444,D:LEU26;D:LYS28;D:ALA30;D:CYS31;D:ASN32;D:CYS33,B:ALA68;B:GLN16;B:GLU90;B:GLY18;B:LEU14;B:LEU17;B:LEU69;B:LEU98;B:SER99;B:THR15
D,B,29,38,10,D:29-38,7,16,9,3.4822023,2.8565853,16,0.9634859538398347,1.6,31.852657238398347,D:ALA30;D:CYS31;D:ASN32;D:CYS33;D:VAL35;D:TYR37;D:ILE38,B:ASN12;B:ASP22;B:GLN16;B:GLY18;B:HIS409;B:LEU14;B:LEU17;B:SER418;B:THR15
D,B,22,31,10,D:22-31,6,18,11,3.5072766388888885,2.887887,18,0.6127536783358697,1.8,31.720260144469812,D:ILE23;D:ALA25;D:LEU26;D:LYS28;D:ALA30;D:CYS31,B:ALA68;B:ASN128;B:GLN16;B:GLU90;B:LEU14;B:LEU69;B:LEU98;B:SER99;B:THR15;B:TYR101;B:TYR45
D,B,17,31,15,D:17-31,7,19,11,3.5480205368421056,2.887887,19,0.6127536783358697,1.2666666666666666,31.362849579849925,D:MET21;D:ILE23;D:ALA25;D:LEU26;D:LYS28;D:ALA30;D:CYS31,B:ALA68;B:ASN128;B:GLN16;B:GLU90;B:LEU14;B:LEU69;B:LEU98;B:SER99;B:THR15;B:TYR101;B:TYR45
D,B,25,32,8,D:25-32,6,17,11,3.463121447058823,2.887887,17,0.5257420091324196,2.125,30.344298644265365,D:ALA25;D:LEU26;D:LYS28;D:ALA30;D:CYS31;D:ASN32,B:ALA68;B:ASN128;B:GLN16;B:GLU90;B:GLY18;B:LEU14;B:LEU69;B:LEU98;B:SER99;B:THR15;B:TYR101
D,B,13,27,15,D:13-27,7,20,14,3.7637739299999993,3.0356479,20,0.3638241219291444,1.3333333333333333,30.29113395595811,D:TYR13;D:LEU15;D:HIS16;D:MET21;D:ILE23;D:ALA25;D:LEU26,B:ALA68;B:ARG353;B:ASN128;B:GLN384;B:LEU14;B:LEU325;B:LEU69;B:LEU98;B:PHE357;B:PRO349;B:SER99;B:TYR101;B:TYR45;B:VAL350
D,B,21,30,10,D:21-30,6,17,10,3.612569317647059,2.887887,17,0.6061643835616435,1.7,29.849074517969377,D:MET21;D:ILE23;D:ALA25;D:LEU26;D:LYS28;D:ALA30,B:ALA68;B:ASN128;B:GLU90;B:LEU14;B:LEU69;B:LEU98;B:SER99;B:THR15;B:TYR101;B:TYR45
D,B,15,26,12,D:15-26,6,19,13,3.7813144105263152,3.0356479,19,0.3638241219291444,1.5833333333333333,29.723593475431798,D:LEU15;D:HIS16;D:MET21;D:ILE23;D:ALA25;D:LEU26,B:ALA68;B:ARG353;B:ASN128;B:GLN384;B:LEU14;B:LEU325;B:LEU69;B:LEU98;B:PRO349;B:SER99;B:TYR101;B:TYR45;B:VAL350
D,B,23,30,8,D:23-30,5,16,10,3.57076673125,2.887887,16,0.6061643835616435,2.0,29.290877104366434,D:ILE23;D:ALA25;D:LEU26;D:LYS28;D:ALA30,B:ALA68;B:ASN128;B:GLU90;B:LEU14;B:LEU69;B:LEU98;B:SER99;B:THR15;B:TYR101;B:TYR45
D,B,11,25,15,D:11-25,8,20,14,3.835262585,2.9309726,20,0.2560108291843448,1.3333333333333333,29.141512373510114,D:ASP11;D:GLY12;D:TYR13;D:LEU15;D:HIS16;D:MET21;D:ILE23;D:ALA25,B:ARG353;B:ASN128;B:ASP355;B:GLN384;B:LEU14;B:LEU325;B:LEU69;B:PHE357;B:PRO349;B:SER356;B:SER99;B:TYR101;B:TYR45;B:VAL350
D,B,19,30,12,D:19-30,6,17,10,3.612569317647059,2.887887,17,0.6061643835616435,1.4166666666666667,28.982407851302717,D:MET21;D:ILE23;D:ALA25;D:LEU26;D:LYS28;D:ALA30,B:ALA68;B:ASN128;B:GLU90;B:LEU14;B:LEU69;B:LEU98;B:SER99;B:THR15;B:TYR101;B:TYR45
D,B,32,39,8,D:32-39,6,14,8,3.5298376071428565,2.8565853,14,0.7400572843780603,1.75,27.170735236637746,D:ASN32;D:CYS33;D:VAL35;D:TYR37;D:ILE38;D:GLY39,B:ASN12;B:ASP22;B:GLN16;B:GLY18;B:HIS409;B:LEU17;B:SER418;B:THR15
D,B,24,31,8,D:24-31,5,15,10,3.510199626666666,2.887887,15,0.5254249112125821,1.875,26.794049485459155,D:ALA25;D:LEU26;D:LYS28;D:ALA30;D:CYS31,B:ALA68;B:ASN128;B:GLN16;B:GLU90;B:LEU14;B:LEU69;B:LEU98;B:SER99;B:THR15;B:TYR101
D,B,28,37,10,D:28-37,7,15,8,3.37982664,2.8565853,15,0.5923254172683393,1.5,26.543427532683392,D:LYS28;D:ALA30;D:CYS31;D:ASN32;D:CYS33;D:VAL35;D:TYR37,B:ASP22;B:GLN16;B:GLU90;B:GLY18;B:LEU14;B:LEU17;B:SER418;B:THR15
D,B,31,38,8,D:31-38,6,14,8,3.461331414285714,2.8565853,14,0.6598329858033051,1.75,26.43699844374734,D:CYS31;D:ASN32;D:CYS33;D:VAL35;D:TYR37;D:ILE38,B:ASN12;B:ASP22;B:GLN16;B:GLY18;B:HIS409;B:LEU17;B:SER418;B:THR15
D,B,9,23,15,D:9-23,9,18,11,3.8300525222222226,2.9309726,18,0.2025481198997178,1.2,25.345428676774954,D:SER9;D:HIS10;D:ASP11;D:GLY12;D:TYR13;D:LEU15;D:HIS16;D:MET21;D:ILE23,B:ARG353;B:ASP355;B:GLN384;B:LEU14;B:LEU325;B:LEU69;B:PHE357;B:PRO349;B:SER356;B:TYR45;B:VAL350
D,B,21,28,8,D:21-28,5,15,9,3.610472093333333,2.887887,15,0.30251141552511396,1.875,24.464642061917807,D:MET21;D:ILE23;D:ALA25;D:LEU26;D:LYS28,B:ALA68;B:ASN128;B:GLU90;B:LEU14;B:LEU69;B:LEU98;B:SER99;B:TYR101;B:TYR45
D,B,16,27,12,D:16-27,5,16,11,3.68925388125,3.0356479,16,0.3271422345623256,1.3333333333333333,24.448835131039925,D:HIS16;D:MET21;D:ILE23;D:ALA25;D:LEU26,B:ALA68;B:ARG353;B:ASN128;B:GLN384;B:LEU14;B:LEU69;B:LEU98;B:PRO349;B:SER99;B:TYR101;B:TYR45
D,B,30,37,8,D:30-37,6,13,7,3.3874084923076926,2.8565853,13,0.5656891920019771,1.625,23.81948342771208,D:ALA30;D:CYS31;D:ASN32;D:CYS33;D:VAL35;D:TYR37,B:ASP22;B:GLN16;B:GLY18;B:LEU14;B:LEU17;B:SER418;B:THR15
D,B,28,35,8,D:28-35,6,13,7,3.266971223076923,2.8565853,13,0.5410671309073133,1.625,23.693700085996213,D:LYS28;D:ALA30;D:CYS31;D:ASN32;D:CYS33;D:VAL35,B:ASP22;B:GLN16;B:GLU90;B:GLY18;B:LEU14;B:LEU17;B:THR15
D,B,10,24,15,D:10-24,8,17,11,3.861346570588235,2.9309726,17,0.2025481198997178,1.1333333333333333,23.680801295075607,D:HIS10;D:ASP11;D:GLY12;D:TYR13;D:LEU15;D:HIS16;D:MET21;D:ILE23,B:ARG353;B:ASP355;B:GLN384;B:LEU14;B:LEU325;B:LEU69;B:PHE357;B:PRO349;B:SER356;B:TYR45;B:VAL350
D,B,20,29,10,D:20-29,5,15,9,3.610472093333333,2.887887,15,0.30251141552511396,1.5,23.414642061917807,D:MET21;D:ILE23;D:ALA25;D:LEU26;D:LYS28,B:ALA68;B:ASN128;B:GLU90;B:LEU14;B:LEU69;B:LEU98;B:SER99;B:TYR101;B:TYR45
D,B,19,28,10,D:19-28,5,15,9,3.610472093333333,2.887887,15,0.30251141552511396,1.5,23.414642061917807,D:MET21;D:ILE23;D:ALA25;D:LEU26;D:LYS28,B:ALA68;B:ASN128;B:GLU90;B:LEU14;B:LEU69;B:LEU98;B:SER99;B:TYR101;B:TYR45
D,B,22,29,8,D:22-29,4,14,9,3.562547907142857,2.887887,14,0.30251141552511396,1.75,22.762566248108282,D:ILE23;D:ALA25;D:LEU26;D:LYS28,B:ALA68;B:ASN128;B:GLU90;B:LEU14;B:LEU69;B:LEU98;B:SER99;B:TYR101;B:TYR45
D,B,27,36,10,D:27-36,6,13,7,3.266971223076923,2.8565853,13,0.5410671309073133,1.3,22.743700085996213,D:LYS28;D:ALA30;D:CYS31;D:ASN32;D:CYS33;D:VAL35,B:ASP22;B:GLN16;B:GLU90;B:GLY18;B:LEU14;B:LEU17;B:THR15
D,B,17,28,12,D:17-28,5,15,9,3.610472093333333,2.887887,15,0.30251141552511396,1.25,22.614642061917806,D:MET21;D:ILE23;D:ALA25;D:LEU26;D:LYS28,B:ALA68;B:ASN128;B:GLU90;B:LEU14;B:LEU69;B:LEU98;B:SER99;B:TYR101;B:TYR45
D,B,18,29,12,D:18-29,5,15,9,3.610472093333333,2.887887,15,0.30251141552511396,1.25,22.614642061917806,D:MET21;D:ILE23;D:ALA25;D:LEU26;D:LYS28,B:ALA68;B:ASN128;B:GLU90;B:LEU14;B:LEU69;B:LEU98;B:SER99;B:TYR101;B:TYR45
D,B,27,34,8,D:27-34,5,12,6,3.2887560583333335,2.8565853,12,0.5410671309073133,1.5,21.9219152507398,D:LYS28;D:ALA30;D:CYS31;D:ASN32;D:CYS33,B:GLN16;B:GLU90;B:GLY18;B:LEU14;B:LEU17;B:THR15
D,B,20,27,8,D:20-27,4,13,8,3.653537861538461,3.0356479,13,0.27587519025875173,1.625,20.655214041049057,D:MET21;D:ILE23;D:ALA25;D:LEU26,B:ALA68;B:ASN128;B:LEU14;B:LEU69;B:LEU98;B:SER99;B:TYR101;B:TYR45
D,B,19,26,8,D:19-26,4,13,8,3.653537861538461,3.0356479,13,0.27587519025875173,1.625,20.655214041049057,D:MET21;D:ILE23;D:ALA25;D:LEU26,B:ALA68;B:ASN128;B:LEU14;B:LEU69;B:LEU98;B:SER99;B:TYR101;B:TYR45
D,B,9,16,8,D:9-16,7,14,8,3.870110685714286,2.9309726,14,0.1152193527764302,1.75,20.582082842050017,D:SER9;D:HIS10;D:ASP11;D:GLY12;D:TYR13;D:LEU15;D:HIS16,B:ARG353;B:ASP355;B:GLN384;B:LEU325;B:PHE357;B:PRO349;B:SER356;B:VAL350
D,B,14,25,12,D:14-25,5,14,11,3.81444455,3.0356479,14,0.2287404080783073,1.1666666666666667,20.006292864116404,D:LEU15;D:HIS16;D:MET21;D:ILE23;D:ALA25,B:ARG353;B:ASN128;B:GLN384;B:LEU14;B:LEU325;B:LEU69;B:PRO349;B:SER99;B:TYR101;B:TYR45;B:VAL350
D,B,29,36,8,D:29-36,5,11,6,3.2554124272727276,2.8565853,11,0.5144309056409511,1.375,19.938896629136785,D:ALA30;D:CYS31;D:ASN32;D:CYS33;D:VAL35,B:ASP22;B:GLN16;B:GLY18;B:LEU14;B:LEU17;B:THR15
D,B,17,26,10,D:17-26,4,13,8,3.653537861538461,3.0356479,13,0.27587519025875173,1.3,19.705214041049057,D:MET21;D:ILE23;D:ALA25;D:LEU26,B:ALA68;B:ASN128;B:LEU14;B:LEU69;B:LEU98;B:SER99;B:TYR101;B:TYR45
D,B,18,27,10,D:18-27,4,13,8,3.653537861538461,3.0356479,13,0.27587519025875173,1.3,19.705214041049057,D:MET21;D:ILE23;D:ALA25;D:LEU26,B:ALA68;B:ASN128;B:LEU14;B:LEU69;B:LEU98;B:SER99;B:TYR101;B:TYR45
D,B,9,18,10,D:9-18,7,14,8,3.870110685714286,2.9309726,14,0.1152193527764302,1.4,19.582082842050017,D:SER9;D:HIS10;D:ASP11;D:GLY12;D:TYR13;D:LEU15;D:HIS16,B:ARG353;B:ASP355;B:GLN384;B:LEU325;B:PHE357;B:PRO349;B:SER356;B:VAL350
D,B,12,23,12,D:12-23,6,14,11,3.929196514285714,3.231641,14,0.19366937814426372,1.1666666666666667,19.540830600490256,D:GLY12;D:TYR13;D:LEU15;D:HIS16;D:MET21;D:ILE23,B:ARG353;B:ASP355;B:GLN384;B:LEU14;B:LEU325;B:LEU69;B:PHE357;B:PRO349;B:SER356;B:TYR45;B:VAL350
D,B,9,20,12,D:9-20,7,14,8,3.870110685714286,2.9309726,14,0.1152193527764302,1.1666666666666667,18.815416175383348,D:SER9;D:HIS10;D:ASP11;D:GLY12;D:TYR13;D:LEU15;D:HIS16,B:ARG353;B:ASP355;B:GLN384;B:LEU325;B:PHE357;B:PRO349;B:SER356;B:VAL350
D,B,10,17,8,D:10-17,6,13,8,3.9141150692307694,2.9309726,13,0.1152193527764302,1.625,18.788078458533533,D:HIS10;D:ASP11;D:GLY12;D:TYR13;D:LEU15;D:HIS16,B:ARG353;B:ASP355;B:GLN384;B:LEU325;B:PHE357;B:PRO349;B:SER356;B:VAL350
D,B,10,21,12,D:10-21,7,14,9,3.9403504714285718,2.9309726,14,0.1152193527764302,1.1666666666666667,18.745176389669062,D:HIS10;D:ASP11;D:GLY12;D:TYR13;D:LEU15;D:HIS16;D:MET21,B:ARG353;B:ASP355;B:GLN384;B:LEU325;B:PHE357;B:PRO349;B:SER356;B:TYR45;B:VAL350
D,B,10,19,10,D:10-19,6,13,8,3.9141150692307694,2.9309726,13,0.1152193527764302,1.3,17.838078458533538,D:HIS10;D:ASP11;D:GLY12;D:TYR13;D:LEU15;D:HIS16,B:ARG353;B:ASP355;B:GLN384;B:LEU325;B:PHE357;B:PRO349;B:SER356;B:VAL350
D,B,11,22,12,D:11-22,6,13,9,3.994878484615384,2.9309726,13,0.1152193527764302,1.0833333333333333,17.023981709815587,D:ASP11;D:GLY12;D:TYR13;D:LEU15;D:HIS16;D:MET21,B:ARG353;B:ASP355;B:GLN384;B:LEU325;B:PHE357;B:PRO349;B:SER356;B:TYR45;B:VAL350
D,B,11,18,8,D:11-18,5,12,8,3.971000799999999,2.9309726,12,0.1152193527764302,1.5,16.981192727764306,D:ASP11;D:GLY12;D:TYR13;D:LEU15;D:HIS16,B:ARG353;B:ASP355;B:GLN384;B:LEU325;B:PHE357;B:PRO349;B:SER356;B:VAL350
D,B,11,20,10,D:11-20,5,12,8,3.971000799999999,2.9309726,12,0.1152193527764302,1.2,16.081192727764304,D:ASP11;D:GLY12;D:TYR13;D:LEU15;D:HIS16,B:ARG353;B:ASP355;B:GLN384;B:LEU325;B:PHE357;B:PRO349;B:SER356;B:VAL350
D,B,16,25,10,D:16-25,4,11,9,3.6895738181818185,3.0356479,11,0.1920585207114885,1.1,15.431011388933067,D:HIS16;D:MET21;D:ILE23;D:ALA25,B:ARG353;B:ASN128;B:GLN384;B:LEU14;B:LEU69;B:PRO349;B:SER99;B:TYR101;B:TYR45
D,B,13,24,12,D:13-24,5,11,9,3.8671711090909087,3.231641,11,0.1752776987936803,0.9166666666666666,14.418939212179225,D:TYR13;D:LEU15;D:HIS16;D:MET21;D:ILE23,B:ARG353;B:GLN384;B:LEU14;B:LEU325;B:LEU69;B:PHE357;B:PRO349;B:TYR45;B:VAL350
D,B,12,21,10,D:12-21,5,11,9,4.048251463636364,3.357673,11,0.1063406110209761,1.1,14.215154646573398,D:GLY12;D:TYR13;D:LEU15;D:HIS16;D:MET21,B:ARG353;B:ASP355;B:GLN384;B:LEU325;B:PHE357;B:PRO349;B:SER356;B:TYR45;B:VAL350
D,B,15,24,10,D:15-24,4,10,8,3.9108377400000003,3.231641,10,0.1752776987936803,1.0,13.341939247936802,D:LEU15;D:HIS16;D:MET21;D:ILE23,B:ARG353;B:GLN384;B:LEU14;B:LEU325;B:LEU69;B:PRO349;B:TYR45;B:VAL350
D,B,14,23,10,D:14-23,4,10,8,3.9108377400000003,3.231641,10,0.1752776987936803,1.0,13.341939247936802,D:LEU15;D:HIS16;D:MET21;D:ILE23,B:ARG353;B:GLN384;B:LEU14;B:LEU325;B:LEU69;B:PRO349;B:TYR45;B:VAL350
D,B,12,19,8,D:12-19,4,10,8,4.0249355399999995,3.357673,10,0.1063406110209761,1.25,13.338470570209763,D:GLY12;D:TYR13;D:LEU15;D:HIS16,B:ARG353;B:ASP355;B:GLN384;B:LEU325;B:PHE357;B:PRO349;B:SER356;B:VAL350
D,B,18,25,8,D:18-25,3,8,6,3.6316552625,3.0356479,8,0.14079147640791462,1.0,10.576259501579148,D:MET21;D:ILE23;D:ALA25,B:ASN128;B:LEU14;B:LEU69;B:SER99;B:TYR101;B:TYR45
D,B,13,22,10,D:13-22,4,8,7,4.0076121375,3.357673,8,0.0879489316703927,0.8,8.971877179203926,D:TYR13;D:LEU15;D:HIS16;D:MET21,B:ARG353;B:GLN384;B:LEU325;B:PHE357;B:PRO349;B:TYR45;B:VAL350
D,B,16,23,8,D:16-23,3,7,6,3.7559236714285715,3.231641,7,0.1385958114268615,0.875,8.680034442840043,D:HIS16;D:MET21;D:ILE23,B:ARG353;B:GLN384;B:LEU14;B:LEU69;B:PRO349;B:TYR45
D,B,13,20,8,D:13-20,3,7,6,3.9684980571428565,3.357673,7,0.0879489316703927,0.875,7.960991259561071,D:TYR13;D:LEU15;D:HIS16,B:ARG353;B:GLN384;B:LEU325;B:PHE357;B:PRO349;B:VAL350
D,B,15,22,8,D:15-22,3,7,6,4.090056042857143,3.357673,7,0.0879489316703927,0.875,7.839433273846784,D:LEU15;D:HIS16;D:MET21,B:ARG353;B:GLN384;B:LEU325;B:PRO349;B:TYR45;B:VAL350
D,B,14,21,8,D:14-21,3,7,6,4.090056042857143,3.357673,7,0.0879489316703927,0.875,7.839433273846784,D:LEU15;D:HIS16;D:MET21,B:ARG353;B:GLN384;B:LEU325;B:PRO349;B:TYR45;B:VAL350
D,B,17,24,8,D:17-24,2,4,3,3.68984895,3.231641,4,0.0873287671232876,0.5,2.9834387212328757,D:MET21;D:ILE23,B:LEU14;B:LEU69;B:TYR45
