start_pos_full,end_pos_full,start_resseq,end_resseq,length,sequence,n_interface_residues,n_hotspot_like_residues,centrality_sum,centrality_mean,window_score
17,46,22,51,30,YIEALDKYACNCVVGYIGERCQYRDLKWWE,23,7,7.114539079069317,0.2371513026356439,56.84361723720795
16,45,21,50,30,MYIEALDKYACNCVVGYIGERCQYRDLKWW,23,6,6.580937077285635,0.2193645692428545,53.242811231856905
15,44,20,49,30,CMYIEALDKYACNCVVGYIGERCQYRDLKW,22,6,6.580937077285635,0.2193645692428545,52.242811231856905
14,43,19,48,30,VCMYIEALDKYACNCVVGYIGERCQYRDLK,21,6,6.48991523567288,0.21633050785576266,50.96974570701864
20,44,25,49,25,ALDKYACNCVVGYIGERCQYRDLKW,20,6,6.321696059400918,0.2528678423760367,49.715088178202755
13,42,18,47,30,GVCMYIEALDKYACNCVVGYIGERCQYRDL,20,6,6.284783775390225,0.2094927925130075,49.35435132617067
22,46,27,51,25,DKYACNCVVGYIGERCQYRDLKWWE,20,6,6.065707354347909,0.24262829417391635,48.94712206304373
21,45,26,50,25,LDKYACNCVVGYIGERCQYRDLKWW,20,6,6.010794384275105,0.24043177537100419,48.78238315282532
18,42,23,47,25,IEALDKYACNCVVGYIGERCQYRDL,19,6,6.284783775390224,0.25139135101560894,48.60435132617067
19,43,24,48,25,EALDKYACNCVVGYIGERCQYRDLK,19,6,6.230674217788163,0.24922696871152653,48.44202265336449
25,46,30,51,22,ACNCVVGYIGERCQYRDLKWWE,19,6,5.953209315901903,0.2706004234500865,47.75962794770571
21,42,26,47,22,LDKYACNCVVGYIGERCQYRDL,17,6,5.7146410823796945,0.25975641283544065,45.043923247139084
27,46,32,51,20,NCVVGYIGERCQYRDLKWWE,17,6,5.469820173072591,0.2734910086536296,44.409460519217774
11,40,16,45,30,HDGVCMYIEALDKYACNCVVGYIGERCQYR,19,5,5.408829077781052,0.1802943025927017,43.72648723334316
23,44,28,49,22,KYACNCVVGYIGERCQYRDLKW,18,5,5.532105352564229,0.25145933420746497,43.49631605769269
12,41,17,46,30,DGVCMYIEALDKYACNCVVGYIGERCQYRD,19,5,5.299895362096318,0.1766631787365439,43.39968608628895
10,39,15,44,30,LHDGVCMYIEALDKYACNCVVGYIGERCQY,19,5,5.230799533661967,0.1743599844553989,43.192398600985904
24,45,29,50,22,YACNCVVGYIGERCQYRDLKWW,18,5,5.41960731411822,0.24634578700537366,43.158821942354656
17,41,22,46,25,YIEALDKYACNCVVGYIGERCQYRD,18,5,5.299895362096318,0.2119958144838527,42.64968608628895
16,40,21,45,25,MYIEALDKYACNCVVGYIGERCQYR,18,5,5.1858495142662555,0.2074339805706502,42.30754854279877
25,44,30,49,20,ACNCVVGYIGERCQYRDLKW,17,5,5.419607314118221,0.27098036570591105,42.258821942354665
22,43,27,48,22,DKYACNCVVGYIGERCQYRDLK,17,5,5.441083510951474,0.24732197777052153,42.22325053285442
26,45,31,50,20,CNCVVGYIGERCQYRDLKWW,17,5,5.028558247262304,0.25142791236311524,41.08567474178692
20,41,25,46,22,ALDKYACNCVVGYIGERCQYRD,17,5,5.0406543442116005,0.2291206520096182,41.0219630326348
24,43,29,48,20,YACNCVVGYIGERCQYRDLK,16,5,5.328585472505465,0.26642927362527324,40.9857564175164
23,42,28,47,20,KYACNCVVGYIGERCQYRDL,16,5,5.235952050668819,0.2617976025334409,40.70785615200646
15,39,20,44,25,CMYIEALDKYACNCVVGYIGERCQY,17,5,4.799506344956628,0.1919802537982651,40.148519034869885
19,40,24,45,22,EALDKYACNCVVGYIGERCQYR,16,5,4.926608496381538,0.22393674983552447,39.67982548914461
25,42,30,47,18,ACNCVVGYIGERCQYRDL,15,5,5.123454012222811,0.28463633401237837,39.47036203666843
18,39,23,44,22,IEALDKYACNCVVGYIGERCQY,16,5,4.799506344956628,0.21815937931621035,39.298519034869884
7,36,12,41,30,GYCLHDGVCMYIEALDKYACNCVVGYIGER,19,4,4.568028240838001,0.15226760802793338,39.204084722514004
26,43,31,48,18,CNCVVGYIGERCQYRDLK,15,5,4.937536405649549,0.27430757809164164,38.912609216948645
27,44,32,49,18,NCVVGYIGERCQYRDLKW,15,5,4.9362181712889095,0.27423434284938386,38.90865451386673
29,46,34,51,18,VVGYIGERCQYRDLKWWE,15,5,4.921643467646033,0.2734246370914463,38.8649304029381
28,45,33,50,18,CVVGYIGERCQYRDLKWW,15,5,4.850185031375436,0.269454723965302,38.65055509412631
9,38,14,43,30,CLHDGVCMYIEALDKYACNCVVGYIGERCQ,18,4,4.63200908062054,0.15440030268735133,38.39602724186162
32,46,37,51,15,YIGERCQYRDLKWWE,14,5,4.921643467646033,0.32810956450973555,38.0149304029381
21,40,26,45,20,LDKYACNCVVGYIGERCQYR,15,5,4.615706821255725,0.23078534106278625,37.847120463767176
8,37,13,42,30,YCLHDGVCMYIEALDKYACNCVVGYIGERC,18,4,4.378106125856573,0.14593687086188575,37.63431837756972
20,39,25,44,20,ALDKYACNCVVGYIGERCQY,15,5,4.540265327071911,0.22701326635359553,37.620795981215736
6,35,11,40,30,DGYCLHDGVCMYIEALDKYACNCVVGYIGE,19,3,4.188069023141022,0.1396023007713674,36.06420706942306
14,38,19,43,25,VCMYIEALDKYACNCVVGYIGERCQ,16,4,4.2007158919152,0.168028635676608,35.3521476757456
28,42,33,47,15,CVVGYIGERCQYRDL,12,5,4.554031729480026,0.3036021152986684,34.91209518844008
5,34,10,39,30,HDGYCLHDGVCMYIEALDKYACNCVVGYIG,19,3,3.790446866234689,0.12634822887448963,34.871340598704066
22,41,27,46,20,DKYACNCVVGYIGERCQYRD,15,4,4.251063637374911,0.21255318186874556,34.75319091212474
17,38,22,43,22,YIEALDKYACNCVVGYIGERCQ,15,4,4.2007158919152,0.1909416314506909,34.5021476757456
4,33,9,38,30,SHDGYCLHDGVCMYIEALDKYACNCVVGYI,19,3,3.6174381611813473,0.12058127203937824,34.35231448354404
15,36,20,41,22,CMYIEALDKYACNCVVGYIGER,15,4,3.946812937151234,0.1794005880523288,33.7404388114537
16,37,21,42,22,MYIEALDKYACNCVVGYIGERC,15,4,3.946812937151234,0.1794005880523288,33.7404388114537
12,36,17,41,25,DGVCMYIEALDKYACNCVVGYIGER,15,4,3.9468129371512335,0.15787251748604933,33.5904388114537
13,37,18,42,25,GVCMYIEALDKYACNCVVGYIGERC,15,4,3.9468129371512335,0.15787251748604933,33.5904388114537
24,41,29,46,18,YACNCVVGYIGERCQYRD,14,4,4.138565598928903,0.2299203110516057,33.515696796786706
23,40,28,45,18,KYACNCVVGYIGERCQYR,14,4,4.137017789544849,0.2298343216413805,33.51105336863455
31,45,36,50,15,GYIGERCQYRDLKWW,13,4,4.3880414658623526,0.29253609772415684,33.41412439758706
30,44,35,49,15,VGYIGERCQYRDLKW,13,4,4.3880414658623526,0.29253609772415684,33.41412439758706
17,36,22,41,20,YIEALDKYACNCVVGYIGER,14,4,3.946812937151234,0.1973406468575617,32.8404388114537
18,37,23,42,20,IEALDKYACNCVVGYIGERC,14,4,3.9468129371512335,0.19734064685756167,32.8404388114537
19,38,24,43,20,EALDKYACNCVVGYIGERCQ,14,4,3.9414748740304826,0.19707374370152414,32.82442462209145
29,43,34,48,15,VVGYIGERCQYRDLK,12,4,4.2970196242495975,0.28646797494997317,32.14105887274879
22,39,27,44,18,DKYACNCVVGYIGERCQY,13,4,3.7506746202352215,0.20837081223529008,31.352023860705664
32,43,37,48,12,YIGERCQYRDLK,11,4,4.2970196242495975,0.3580849686874665,31.291058872748792
20,37,25,42,18,ALDKYACNCVVGYIGERC,13,4,3.6875719192665164,0.2048651066259176,31.162715757799553
19,36,24,41,18,EALDKYACNCVVGYIGER,13,4,3.6875719192665164,0.2048651066259176,31.162715757799553
33,44,38,49,12,IGERCQYRDLKW,11,4,4.250784994511152,0.35423208287592933,31.152354983533456
21,38,26,43,18,LDKYACNCVVGYIGERCQ,13,4,3.6305731989046692,0.2016985110502594,30.99171959671401
11,35,16,40,25,HDGVCMYIEALDKYACNCVVGYIGE,15,3,3.6951910796775254,0.14780764318710102,30.835573239032577
35,46,40,51,12,ERCQYRDLKWWE,11,4,4.03994971981292,0.3366624766510767,30.51984915943876
10,34,15,39,25,LHDGVCMYIEALDKYACNCVVGYIG,15,3,3.5058825479617357,0.14023530191846942,30.267647643885205
27,41,32,46,15,NCVVGYIGERCQYRD,12,4,3.655176456099592,0.24367843040663945,30.215529368298775
25,39,30,44,15,ACNCVVGYIGERCQY,12,4,3.6381765817892138,0.24254510545261426,30.16452974536764
26,40,31,45,15,CNCVVGYIGERCQYR,12,4,3.6334706842429245,0.24223137894952831,30.150412052728775
31,42,36,47,12,GYIGERCQYRDL,10,4,4.091888163966942,0.3409906803305785,29.675664491900825
3,32,8,37,30,LSHDGYCLHDGVCMYIEALDKYACNCVVGY,18,2,3.0460095897527766,0.10153365299175922,29.63802876925833
16,35,21,40,20,MYIEALDKYACNCVVGYIGE,14,3,3.4722115161627287,0.17361057580813644,29.416634548488187
14,35,19,40,22,VCMYIEALDKYACNCVVGYIGE,14,3,3.4722115161627287,0.15782779618921494,29.316634548488185
9,33,14,38,25,CLHDGVCMYIEALDKYACNCVVGYI,14,3,3.332873842908394,0.13331495371633575,28.74862152872518
18,35,23,40,18,IEALDKYACNCVVGYIGE,13,3,3.4722115161627283,0.19290063978681823,28.516634548488184
1,30,6,35,30,CPLSHDGYCLHDGVCMYIEALDKYACNCVV,17,2,2.9087531184015756,0.09695843728005252,28.226259355204725
2,31,7,36,30,PLSHDGYCLHDGVCMYIEALDKYACNCVVG,17,2,2.9087531184015756,0.09695843728005252,28.226259355204725
4,28,9,33,25,SHDGYCLHDGVCMYIEALDKYACNC,16,2,2.9087531184015756,0.11635012473606303,27.476259355204725
34,45,39,50,12,GERCQYRDLKWW,11,3,3.6793564230825813,0.30661303525688177,27.43806926924774
0,29,5,34,30,ECPLSHDGYCLHDGVCMYIEALDKYACNCV,16,2,2.9087531184015756,0.09695843728005252,27.226259355204725
15,34,20,39,20,CMYIEALDKYACNCVVGYIG,13,3,3.074589359256396,0.1537294679628198,27.223768077769186
13,34,18,39,22,GVCMYIEALDKYACNCVVGYIG,13,3,3.074589359256396,0.13975406178438166,27.123768077769185
6,30,11,35,25,DGYCLHDGVCMYIEALDKYACNCVV,15,2,2.9087531184015756,0.11635012473606303,26.476259355204725
5,29,10,34,25,HDGYCLHDGVCMYIEALDKYACNCV,15,2,2.9087531184015756,0.11635012473606303,26.476259355204725
17,34,22,39,18,YIEALDKYACNCVVGYIG,12,3,3.074589359256396,0.17081051995868868,26.323768077769188
16,33,21,38,18,MYIEALDKYACNCVVGYI,12,3,2.9015806542030544,0.16119892523350302,25.804741962609164
14,33,19,38,20,VCMYIEALDKYACNCVVGYI,12,3,2.9015806542030544,0.1450790327101527,25.704741962609162
28,39,33,44,12,CVVGYIGERCQY,9,4,3.0687542990464287,0.25572952492053574,25.606262897139285
12,33,17,38,22,DGVCMYIEALDKYACNCVVGYI,12,3,2.9015806542030544,0.13189002973650246,25.60474196260916
24,38,29,43,15,YACNCVVGYIGERCQ,11,3,3.0393861287477857,0.20262574191651905,25.36815838624336
7,31,12,36,25,GYCLHDGVCMYIEALDKYACNCVVG,14,2,2.8141109151100494,0.11256443660440198,25.192332745330148
8,32,13,37,25,YCLHDGVCMYIEALDKYACNCVVGY,14,2,2.7614452714798228,0.11045781085919291,25.03433581443947
21,35,26,40,15,LDKYACNCVVGYIGE,11,3,2.902068823152198,0.1934712548768132,24.956206469456593
23,37,28,42,15,KYACNCVVGYIGERC,11,3,2.897981212429827,0.19319874749532182,24.943943637289482
22,36,27,41,15,DKYACNCVVGYIGER,11,3,2.897981212429827,0.19319874749532182,24.943943637289482
30,41,35,46,12,VGYIGERCQYRD,10,3,3.106999750673035,0.2589166458894196,24.720999252019105
20,34,25,39,15,ALDKYACNCVVGYIG,11,3,2.815348341371679,0.1876898894247786,24.696045024115037
7,28,12,33,22,GYCLHDGVCMYIEALDKYACNC,13,2,2.8141109151100494,0.12791413250500225,24.342332745330147
25,36,30,41,12,ACNCVVGYIGER,10,3,2.7854831739838195,0.23212359783198497,23.756449521951456
29,40,34,45,12,VVGYIGERCQYR,9,3,2.992953902842973,0.2494128252369144,23.378861708528916
19,33,24,38,15,EALDKYACNCVVGYI,10,3,2.6423396363183373,0.17615597575455583,23.177018908955013
3,27,8,32,25,LSHDGYCLHDGVCMYIEALDKYACN,15,1,2.4466095528884924,0.09786438211553969,23.089828658665475
8,29,13,34,22,YCLHDGVCMYIEALDKYACNCV,12,2,2.624188800128622,0.11928130909675555,22.772566400385866
10,31,15,36,22,LHDGVCMYIEALDKYACNCVVG,12,2,2.624188800128622,0.11928130909675555,22.772566400385866
9,30,14,35,22,CLHDGVCMYIEALDKYACNCVV,12,2,2.624188800128622,0.11928130909675555,22.772566400385866
11,32,16,37,22,HDGVCMYIEALDKYACNCVVGY,12,2,2.55313164628928,0.11605143846769454,22.55939493886784
27,38,32,43,12,NCVVGYIGERCQ,9,3,2.555996985918474,0.2129997488265395,22.06799095775542
9,28,14,33,20,CLHDGVCMYIEALDKYACNC,11,2,2.624188800128622,0.13120944000643112,21.872566400385868
10,29,15,34,20,LHDGVCMYIEALDKYACNCV,11,2,2.624188800128622,0.13120944000643112,21.872566400385868
2,26,7,31,25,PLSHDGYCLHDGVCMYIEALDKYAC,14,1,2.360576412975019,0.09442305651900076,21.831729238925057
26,37,31,42,12,CNCVVGYIGERC,9,3,2.3944341071279025,0.19953617559399187,21.583302321383705
11,30,16,35,20,HDGVCMYIEALDKYACNCVV,11,2,2.4158751749380794,0.12079375874690397,21.24762552481424
6,27,11,32,22,DGYCLHDGVCMYIEALDKYACN,13,1,2.446609552888492,0.11120952513129509,21.239828658665473
15,32,20,37,18,CMYIEALDKYACNCVVGY,11,2,2.330152082774483,0.12945289348747127,21.09045624832345
13,32,18,37,20,GVCMYIEALDKYACNCVVGY,11,2,2.330152082774483,0.11650760413872414,20.990456248323447
5,26,10,31,22,HDGYCLHDGVCMYIEALDKYAC,13,1,2.360576412975019,0.10729892786250086,20.981729238925055
4,25,9,30,22,SHDGYCLHDGVCMYIEALDKYA,13,1,2.2682363370016243,0.10310165168189202,20.704709011004873
1,25,6,30,25,CPLSHDGYCLHDGVCMYIEALDKYA,13,1,2.2682363370016243,0.09072945348006498,20.554709011004874
11,28,16,33,18,HDGVCMYIEALDKYACNC,10,2,2.4158751749380794,0.13421528749655998,20.34762552481424
18,32,23,37,15,IEALDKYACNCVVGY,10,2,2.3301520827744833,0.15534347218496555,20.24045624832345
16,30,21,35,15,MYIEALDKYACNCVV,10,2,2.1928956114232827,0.14619304076155218,19.82868683426985
14,31,19,36,18,VCMYIEALDKYACNCVVG,10,2,2.1928956114232823,0.12182753396796013,19.678686834269847
13,30,18,35,18,GVCMYIEALDKYACNCVV,10,2,2.1928956114232823,0.12182753396796013,19.678686834269847
12,31,17,36,20,DGVCMYIEALDKYACNCVVG,10,2,2.1928956114232827,0.10964478057116414,19.57868683426985
24,35,29,40,12,YACNCVVGYIGE,9,2,2.3108817529953143,0.1925734794162762,19.33264525898594
14,28,19,33,15,VCMYIEALDKYACNC,9,2,2.1928956114232827,0.14619304076155218,18.82868683426985
15,29,20,34,15,CMYIEALDKYACNCV,9,2,2.1928956114232827,0.14619304076155218,18.82868683426985
17,31,22,36,15,YIEALDKYACNCVVG,9,2,2.1928956114232827,0.14619304076155218,18.82868683426985
6,25,11,30,20,DGYCLHDGVCMYIEALDKYA,11,1,2.2682363370016243,0.11341181685008121,18.804709011004874
7,26,12,31,20,GYCLHDGVCMYIEALDKYAC,11,1,2.265934209683493,0.11329671048417464,18.79780262905048
12,29,17,34,18,DGVCMYIEALDKYACNCV,9,2,2.1928956114232827,0.12182753396796014,18.67868683426985
4,23,9,28,20,SHDGYCLHDGVCMYIEALDK,12,1,1.8771872701457073,0.09385936350728537,18.63156181043712
2,23,7,28,22,PLSHDGYCLHDGVCMYIEALDK,12,1,1.8771872701457077,0.08532669409753217,18.531561810437122
3,24,8,29,22,LSHDGYCLHDGVCMYIEALDKY,12,1,1.8771872701457077,0.08532669409753217,18.531561810437122
8,27,13,32,20,YCLHDGVCMYIEALDKYACN,11,1,2.1620452346155385,0.10810226173077693,18.486135703846614
23,34,28,39,12,KYACNCVVGYIG,9,2,2.0257576345349895,0.16881313621124913,18.477272903604966
0,24,5,29,25,ECPLSHDGYCLHDGVCMYIEALDKY,12,1,1.8771872701457075,0.0750874908058283,18.381561810437123
17,28,22,33,12,YIEALDKYACNC,8,2,2.1928956114232827,0.18274130095194022,17.978686834269848
18,29,23,34,12,IEALDKYACNCV,8,2,2.1928956114232827,0.18274130095194022,17.978686834269848
5,24,10,29,20,HDGYCLHDGVCMYIEALDKY,11,1,1.8771872701457073,0.09385936350728537,17.63156181043712
10,27,15,32,18,LHDGVCMYIEALDKYACN,10,1,2.1620452346155385,0.1201136241453077,17.586135703846615
4,21,9,26,18,SHDGYCLHDGVCMYIEAL,11,1,1.7646892316996996,0.09803829064998332,17.3940676950991
3,22,8,27,20,LSHDGYCLHDGVCMYIEALD,11,1,1.7646892316997,0.088234461584985,17.294067695099102
2,21,7,26,20,PLSHDGYCLHDGVCMYIEAL,11,1,1.7646892316997,0.088234461584985,17.294067695099102
20,31,25,36,12,ALDKYACNCVVG,8,2,1.9336545935385652,0.16113788279488042,17.200963780615695
19,30,24,35,12,EALDKYACNCVV,8,2,1.9336545935385652,0.16113788279488042,17.200963780615695
1,22,6,27,22,CPLSHDGYCLHDGVCMYIEALD,11,1,1.7646892316997,0.08021314689544091,17.1940676950991
0,21,5,26,22,ECPLSHDGYCLHDGVCMYIEAL,11,1,1.7646892316997,0.08021314689544091,17.1940676950991
22,33,27,38,12,DKYACNCVVGYI,8,2,1.8527489294816475,0.15439574412347062,16.958246788444942
6,23,11,28,18,DGYCLHDGVCMYIEALDK,10,1,1.8771872701457075,0.10428818167476153,16.731561810437125
21,32,26,37,12,LDKYACNCVVGY,8,2,1.7600093897639522,0.146667449146996,16.680028169291855
5,22,10,27,18,HDGYCLHDGVCMYIEALD,10,1,1.7646892316996996,0.09803829064998332,16.3940676950991
9,26,14,31,18,CLHDGVCMYIEALDKYAC,9,1,2.0760120947020657,0.11533400526122588,16.328036284106197
8,25,13,30,18,YCLHDGVCMYIEALDKYA,9,1,1.983672018728671,0.11020400104048172,16.051016056186015
7,24,12,29,18,GYCLHDGVCMYIEALDKY,9,1,1.7825450668541811,0.09903028149189895,15.447635200562543
16,27,21,32,12,MYIEALDKYACN,8,1,1.730752045910199,0.14422933715918326,14.592256137730597
13,27,18,32,15,GVCMYIEALDKYACN,8,1,1.730752045910199,0.1153834697273466,14.442256137730597
7,21,12,26,15,GYCLHDGVCMYIEAL,8,1,1.6700470284081734,0.1113364685605449,14.26014108522452
11,25,16,30,15,HDGVCMYIEALDKYA,7,1,1.7753583935381279,0.11835722623587519,13.576075180614383
15,26,20,31,12,CMYIEALDKYAC,7,1,1.6447189059967262,0.13705990883306052,13.33415671799018
12,26,17,31,15,DGVCMYIEALDKYAC,7,1,1.6447189059967262,0.10964792706644841,13.184156717990179
9,23,14,28,15,CLHDGVCMYIEALDK,7,1,1.592622951872754,0.1061748634581836,13.027868855618262
10,24,15,29,15,LHDGVCMYIEALDKY,7,1,1.592622951872754,0.1061748634581836,13.027868855618262
3,20,8,25,18,LSHDGYCLHDGVCMYIEA,10,0,1.286000199988824,0.07144445555493467,12.958000599966471
1,20,6,25,20,CPLSHDGYCLHDGVCMYIEA,10,0,1.286000199988824,0.0643000099994412,12.858000599966472
8,22,13,27,15,YCLHDGVCMYIEALD,7,1,1.4801249134267462,0.09867499422844975,12.69037474028024
14,25,19,30,12,VCMYIEALDKYA,6,1,1.5523788300233312,0.12936490250194427,12.057136490069995
10,21,15,26,12,LHDGVCMYIEAL,6,1,1.4801249134267462,0.12334374278556219,11.84037474028024
4,18,9,23,15,SHDGYCLHDGVCMYI,9,0,0.9750985248630105,0.0650065683242007,11.175295574589033
6,20,11,25,15,DGYCLHDGVCMYIEA,8,0,1.286000199988824,0.0857333466659216,11.108000599966472
2,19,7,24,18,PLSHDGYCLHDGVCMYIE,9,0,0.9750985248630105,0.05417214027016725,11.025295574589032
1,18,6,23,18,CPLSHDGYCLHDGVCMYI,9,0,0.9750985248630105,0.05417214027016725,11.025295574589032
0,19,5,24,20,ECPLSHDGYCLHDGVCMYIE,9,0,0.9750985248630105,0.048754926243150525,10.925295574589033
11,22,16,27,12,HDGVCMYIEALD,5,1,1.2718112882362034,0.10598427401968362,10.21543386470861
5,19,10,24,15,HDGYCLHDGVCMYIE,8,0,0.9750985248630105,0.0650065683242007,10.175295574589033
12,23,17,28,12,DGVCMYIEALDK,5,1,1.1613297631674144,0.09677748026395121,9.883989289502244
13,24,18,29,12,GVCMYIEALDKY,5,1,1.1613297631674144,0.09677748026395121,9.883989289502244
2,16,7,21,15,PLSHDGYCLHDGVCM,8,0,0.7158575069782932,0.04772383379855288,9.39757252093488
3,17,8,22,15,LSHDGYCLHDGVCMY,8,0,0.7158575069782932,0.04772383379855288,9.39757252093488
0,17,5,22,18,ECPLSHDGYCLHDGVCMY,8,0,0.7158575069782933,0.03976986149879407,9.24757252093488
1,12,6,17,12,CPLSHDGYCLHD,7,0,0.7158575069782932,0.0596547922481911,8.54757252093488
5,16,10,21,12,HDGYCLHDGVCM,7,0,0.7158575069782933,0.05965479224819111,8.54757252093488
4,15,9,20,12,SHDGYCLHDGVC,7,0,0.7158575069782933,0.05965479224819111,8.54757252093488
3,14,8,19,12,LSHDGYCLHDGV,7,0,0.7158575069782932,0.0596547922481911,8.54757252093488
2,13,7,18,12,PLSHDGYCLHDG,7,0,0.7158575069782932,0.0596547922481911,8.54757252093488
0,11,5,16,12,ECPLSHDGYCLH,7,0,0.7158575069782932,0.0596547922481911,8.54757252093488
0,14,5,19,15,ECPLSHDGYCLHDGV,7,0,0.7158575069782932,0.04772383379855288,8.39757252093488
1,15,6,20,15,CPLSHDGYCLHDGVC,7,0,0.7158575069782932,0.04772383379855288,8.39757252093488
7,18,12,23,12,GYCLHDGVCMYI,6,0,0.880456321571484,0.073371360130957,8.041368964714453
6,17,11,22,12,DGYCLHDGVCMY,6,0,0.7158575069782933,0.05965479224819111,7.54757252093488
9,20,14,25,12,CLHDGVCMYIEA,5,0,1.0014358817158704,0.0834529901429892,7.404307645147611
8,19,13,24,12,YCLHDGVCMYIE,5,0,0.690534206590057,0.05754451721583809,6.471602619770172
