chain,resseq,resname,node,aa1,n_contacts,degree,betweenness,graph_proxy_score,foldx_buildmodel_mutation,scan_required,ddG_kcal_mol,source_file,raw_line,has_foldx_ddg,is_energetic_hotspot,is_graph_proxy_hotspot_like
B,384,GLN,B:GLN384,Q,4,4,0.2197683721656324,0.44579074046033984,QB384A;,True,,,,False,False,True
B,18,GLY,B:GLY18,G,2,2,0.0116216387620497,0.09569023235090522,GB18A;,True,,,,False,False,False
B,90,GLU,B:GLU90,E,1,1,0.0,0.0,EB90A;,True,,,,False,False,False
B,15,THR,B:THR15,T,5,5,0.3439801573363217,0.6381276949628181,TB15A;,True,,,,False,False,True
B,356,SER,B:SER356,S,2,2,0.0003170979198376,0.08598648071119207,SB356A;,True,,,,False,False,False
B,16,GLN,B:GLN16,Q,3,3,0.0202416843683967,0.1888039147195555,QB16A;,True,,,,False,False,False
B,22,ASP,B:ASP22,D,1,1,0.0,0.0,DB22A;,True,,,,False,False,False
B,99,SER,B:SER99,S,2,2,0.0249238964992389,0.10710881247112863,SB99A;,True,,,,False,False,False
B,465,LYS,B:LYS465,K,3,3,0.0494500616075958,0.2138762146461376,KB465A;,True,,,,False,False,False
B,13,LYS,B:LYS13,K,1,1,0.0,0.0,KB13A;,True,,,,False,False,False
B,357,PHE,B:PHE357,F,6,6,0.131976154236428,0.5418589862838717,FB357A;,True,,,,False,False,True
B,45,TYR,B:TYR45,Y,2,2,0.0266362252663622,0.1085786654544232,YB45A;,True,,,,False,False,False
B,355,ASP,B:ASP355,D,2,2,0.0202942668696093,0.10313476551629522,DB355A;,True,,,,False,False,False
B,29,ARG,B:ARG29,R,2,2,0.0075786402841197,0.09221974614034861,RB29A;,True,,,,False,False,False
B,14,LEU,B:LEU14,L,4,4,0.2973744292237443,0.5124073252416783,LB14A;,True,,,,False,False,True
B,12,ASN,B:ASN12,N,3,3,0.2346178005995355,0.37282311712938837,NB12A;,True,,,,False,False,True
B,101,TYR,B:TYR101,Y,1,1,0.0,0.0,YB101A;,True,,,,False,False,False
B,409,HIS,B:HIS409,H,5,5,0.4659864045138016,0.7428571428571429,HB409A;,True,,,,False,False,True
B,438,ILE,B:ILE438,I,2,2,0.0618340943683409,0.13879231011103355,IB438A;,True,,,,False,False,False
B,468,SER,B:SER468,S,1,1,0.0,0.0,SB468A;,True,,,,False,False,False
B,346,HIS,B:HIS346,H,1,1,0.0,0.0,HB346A;,True,,,,False,False,False
B,415,ALA,B:ALA415,A,1,1,0.0,0.0,AB415A;,False,0.0,,,True,False,False
B,412,PHE,B:PHE412,F,2,2,0.0090345727332028,0.09346951002614454,FB412A;,True,,,,False,False,False
B,358,THR,B:THR358,T,1,1,0.0,0.0,TB358A;,True,,,,False,False,False
B,408,GLN,B:GLN408,Q,2,2,0.0911305272606641,0.16394019649444883,QB408A;,True,,,,False,False,False
B,69,LEU,B:LEU69,L,3,3,0.0540334855403348,0.2178105989014218,LB69A;,True,,,,False,False,False
B,411,GLN,B:GLN411,Q,1,1,0.0,0.0,QB411A;,True,,,,False,False,False
B,440,SER,B:SER440,S,1,1,0.0,0.0,SB440A;,True,,,,False,False,False
B,467,ILE,B:ILE467,I,1,1,0.0,0.0,IB467A;,True,,,,False,False,False
B,441,GLY,B:GLY441,G,1,1,0.0,0.0,GB441A;,True,,,,False,False,False
B,98,LEU,B:LEU98,L,1,1,0.0,0.0,LB98A;,True,,,,False,False,False
B,17,LEU,B:LEU17,L,3,3,0.2013093937180695,0.3442313757748575,LB17A;,True,,,,False,False,False
B,128,ASN,B:ASN128,N,1,1,0.0,0.0,NB128A;,True,,,,False,False,False
B,382,LEU,B:LEU382,L,2,2,0.0911305272606641,0.16394019649444883,LB382A;,True,,,,False,False,False
B,417,VAL,B:VAL417,V,2,2,0.0618340943683409,0.13879231011103355,VB417A;,True,,,,False,False,False
B,350,VAL,B:VAL350,V,1,1,0.0,0.0,VB350A;,True,,,,False,False,False
B,418,SER,B:SER418,S,2,2,0.0537950697197272,0.13189165844330825,SB418A;,True,,,,False,False,False
B,349,PRO,B:PRO349,P,1,1,0.0,0.0,PB349A;,True,,,,False,False,False
B,348,LEU,B:LEU348,L,1,1,0.0,0.0,LB348A;,True,,,,False,False,False
B,11,SER,B:SER11,S,1,1,0.0,0.0,SB11A;,True,,,,False,False,False
B,353,ARG,B:ARG353,R,2,2,0.0107038783979423,0.09490243223037169,RB353A;,True,,,,False,False,False
B,325,LEU,B:LEU325,L,4,4,0.2767897796436609,0.49473758262198897,LB325A;,True,,,,False,False,True
B,68,ALA,B:ALA68,A,1,1,0.0,0.0,AB68A;,False,0.0,,,True,False,False
D,45,ARG,D:ARG45,R,3,3,0.2137308277719237,0.35489386200495643,RD45A;,True,2.00281,Dif_3NJP_BD_clean_Repair.fxout,3NJP_BD_clean_Repair_23.pdb	2.00281	0.240185	1.86385	1.80603	1.04001	-3.33461	1.70382	-0.0250366	-1.82061	0.723522	0	0	0	-0.0878831	-0.464532	-0.00484748	0	0	-0.11273	0	0.0111145	0,True,True,False
D,33,CYS,D:CYS33,C,4,4,0.2038715449103577,0.432144997064147,CD33A;,True,2.91303,Dif_3NJP_BD_clean_Repair.fxout,3NJP_BD_clean_Repair_14.pdb	2.91303	0.0540627	0.029433	0.603129	-7.10543e-15	-0.425445	0.557211	1.04283	-0.979979	-0.452059	0	0	0	-0.0157788	-0.028269	0	0	2.49962	0	0	0	0,True,True,True
D,43,GLN,D:GLN43,Q,3,3,0.0820201065634855,0.24183415044889772,QD43A;,True,2.51557,Dif_3NJP_BD_clean_Repair.fxout,3NJP_BD_clean_Repair_21.pdb	2.51557	2.12635	2.66371	1.67015	-0.128866	-2.72959	1.80368	-0.153898	-2.20816	-0.42675	0	0	0	-0.083898	-0.399423	0.0036111	0	7.10543e-14	-0.0207783	0	1.12577e-05	0,True,True,False
D,28,LYS,D:LYS28,K,2,2,0.0266362252663622,0.1085786654544232,KD28A;,True,0.921674,Dif_3NJP_BD_clean_Repair.fxout,3NJP_BD_clean_Repair_11.pdb	0.921674	1.49868	2.52424	1.45455	1.65828	-3.39702	1.55337	-0.174321	-3.87295	-0.394535	0	0	0	0.0330193	-0.471492	9.52849e-11	0	0	0.0383813	0	5.55276e-11	0,True,False,False
D,40,GLU,D:GLU40,E,4,4,0.1397055263779007,0.3770652626247646,ED40A;,True,1.48925,Dif_3NJP_BD_clean_Repair.fxout,3NJP_BD_clean_Repair_19.pdb	1.48925	0.809532	2.76777	0.660013	0.165377	-1.56384	0.590176	-0.153178	-1.46723	-0.129931	0	0	0	-0.0961341	-0.202802	0.0036111	0	0	-0.0969185	0	0	0,True,False,True
D,11,ASP,D:ASP11,D,2,2,0.0088787417554541,0.09333574562766489,DD11A;,True,0.424304,Dif_3NJP_BD_clean_Repair.fxout,3NJP_BD_clean_Repair_3.pdb	0.424304	0.482636	0.482636	0.0604915	-0.000925477	-0.150054	0.0303046	5.49774e-05	-0.522863	0.156625	0	0	0	-0.0624626	0.012467	-0.001208	0	0	-0.0509302	0	0	0,True,False,False
D,31,CYS,D:CYS31,C,2,2,0.0065892947742262,0.09137049775000061,CD31A;,True,-0.000588361,Dif_3NJP_BD_clean_Repair.fxout,3NJP_BD_clean_Repair_12.pdb	-0.000588361	0.115136	0.0315648	0.734404	0.000133565	-0.455787	0.664932	-0.0390601	-1.04387	0.0156775	0	0	0	-0.0237183	-0.0531106	0	0	0	0	0	0	0,True,False,False
D,35,VAL,D:VAL35,V,1,1,0.0,0.0,VD35A;,True,-0.0995099,Dif_3NJP_BD_clean_Repair.fxout,3NJP_BD_clean_Repair_15.pdb	-0.0995099	0	0	0.263286	-0.0119069	-0.658815	0.236536	-0.00128071	0.00240811	0.0856254	0	0	0	-0.0153628	0.013084	0	0	0	0	0	0	0,True,False,False
D,32,ASN,D:ASN32,N,2,2,0.0003170979198376,0.08598648071119207,ND32A;,True,0.592164,Dif_3NJP_BD_clean_Repair.fxout,3NJP_BD_clean_Repair_13.pdb	0.592164	0.601766	0.536608	0.785118	1.39067e-09	-1.31738	0.552087	-0.0217694	-0.844818	0.546296	0	0	0	-0.246097	-0.0232884	-9.52849e-11	0	0	-4.4141e-10	0	0.000356608	0,True,False,False
D,25,ALA,D:ALA25,A,4,4,0.053462709284627,0.303034933621276,AD25A;,False,0.0,,,True,False,False
D,49,TRP,D:TRP49,W,2,2,0.0052783213742117,0.09024516586279044,WD49A;,True,1.03189,Dif_3NJP_BD_clean_Repair.fxout,3NJP_BD_clean_Repair_27.pdb	1.03189	-0.342501	-1.77688	0.977101	2.27056	-0.557235	1.62847	-1.5094	0.465212	-4.82867e-08	0	0	0	-0.0244547	-0.0389387	-0.0079886	0	8.52651e-14	-0.0910464	0	5.88911e-05	0,True,False,False
D,26,LEU,D:LEU26,L,5,5,0.1350837138508371,0.4588122115392689,LD26A;,True,4.15852,Dif_3NJP_BD_clean_Repair.fxout,3NJP_BD_clean_Repair_10.pdb	4.15852	0	0	1.85754	0.017573	-0.712523	3.75421	-0.086275	-1.32087	0.673948	0	0	0	-0.0250876	-0.371796	0	0	0	0	0	0	0,True,True,True
D,10,HIS,D:HIS10,H,1,1,0.0,0.0,HD10A;,True,0.885896,Dif_3NJP_BD_clean_Repair.fxout,3NJP_BD_clean_Repair_2.pdb	0.885896	0.0546674	1.26527	1.44864	-0.98861	-1.43737	1.77019	0.428048	-1.31261	-0.227385	0	0	0	-0.00473825	-0.213096	0	0	0	2.26263e-13	0	-0.110213	0,True,False,False
D,23,ILE,D:ILE23,I,3,3,0.0873287671232876,0.2463910735765937,ID23A;,True,3.65614,Dif_3NJP_BD_clean_Repair.fxout,3NJP_BD_clean_Repair_9.pdb	3.65614	0.194336	0.0510662	2.27363	-0.0299931	-1.28935	4.04293	-0.138481	-1.81095	0.366424	0	0	0	-0.00364342	-0.347166	9.52849e-11	0	0	4.41344e-10	0	0.000169631	0,True,True,False
D,41,ARG,D:ARG41,R,4,4,0.2162607813292744,0.44277984503302137,RD41A;,True,5.73455,Dif_3NJP_BD_clean_Repair.fxout,3NJP_BD_clean_Repair_20.pdb	5.73455	1.60027	3.86051	2.61911	1.88902	-4.13935	2.19028	0.853034	-2.16506	-1.06695	0	0	0	-0.201342	-0.349334	-0.00304268	0	7.10543e-14	0.298063	0	-4.74006e-10	0,True,True,True
D,9,SER,D:SER9,S,1,1,0.0,0.0,SD9A;,True,-0.157124,Dif_3NJP_BD_clean_Repair.fxout,3NJP_BD_clean_Repair_1.pdb	-0.157124	0.464227	0.464227	0.213847	0	-0.328475	-0.0226319	-0.00558686	-0.536934	-0.401731	0	0	0	0	-0.265472	0	0	0	0	0	-0.00406612	0,True,False,False
D,30,ALA,D:ALA30,A,2,2,0.3036529680365296,0.3463682147518536,AD30A;,False,0.0,,,True,False,False
D,39,GLY,D:GLY39,G,2,2,0.0868135933489814,0.16023456571220582,GD39A;,True,5.87659,Dif_3NJP_BD_clean_Repair.fxout,3NJP_BD_clean_Repair_18.pdb	5.87659	-0.0541718	0.00116107	-0.542769	-0.00718478	0.416636	-0.996601	5.6591	0.0272648	1.37104	0	0	0	0.00211745	0.0399319	0	0	0	0	0	0	0,True,True,False
D,16,HIS,D:HIS16,H,3,3,0.0512670443035739,0.21543590194892392,HD16A;,True,2.44148,Dif_3NJP_BD_clean_Repair.fxout,3NJP_BD_clean_Repair_7.pdb	2.44148	1.0096	0.866565	1.5028	2.0857	-2.76231	1.77522	-0.186418	-1.03452	-0.230987	0	0	0	-0.0146515	-0.0426957	-0.0224566	0	0	-0.0426842	0	-0.504385	0,True,True,False
D,47,LEU,D:LEU47,L,8,8,0.3827684111930687,0.9285661620041809,LD47A;,True,3.54371,Dif_3NJP_BD_clean_Repair.fxout,3NJP_BD_clean_Repair_25.pdb	3.54371	0.078851	0.0542968	1.93151	0.0408525	-1.01099	3.7079	-0.0868635	-0.980245	-0.1216	0	0	0	-0.0601455	-0.590022	0	0	0	0	0	-0.00984641	0,True,True,True
D,44,TYR,D:TYR44,Y,5,5,0.2545236050943814,0.5613387145329902,YD44A;,True,3.37068,Dif_3NJP_BD_clean_Repair.fxout,3NJP_BD_clean_Repair_22.pdb	3.37068	0.180713	2.28422	1.56881	0.00520417	-1.28859	1.99968	-0.393134	-1.06731	0.200307	0	0	0	-0.102866	-0.101732	4.61988e-09	0	7.10543e-14	6.2001e-09	0	-0.0163539	0,True,True,True
D,13,TYR,D:TYR13,Y,1,1,0.0,0.0,YD13A;,True,3.32989,Dif_3NJP_BD_clean_Repair.fxout,3NJP_BD_clean_Repair_5.pdb	3.32989	0.219822	1.43075	2.16223	0.170244	-1.57639	2.79845	-0.0928813	-1.33204	-0.386419	0	0	0	-0.0158688	-0.109289	9.52835e-11	0	0	4.41463e-10	0	-0.0480138	0,True,True,False
D,38,ILE,D:ILE38,I,3,3,0.3977967618378576,0.5128949815938283,ID38A;,True,1.41939,Dif_3NJP_BD_clean_Repair.fxout,3NJP_BD_clean_Repair_17.pdb	1.41939	0.169791	0	1.39035	0.0262148	-1.29156	2.19735	-0.0133287	-0.73969	-0.2584	0	0	0	-0.0340218	-0.101153	0	0	0	0	0	-0.0273069	0,True,False,True
D,51,GLU,D:GLU51,E,6,6,0.1044520547945205,0.5182324605523965,ED51A;,True,1.21019,Dif_3NJP_BD_clean_Repair.fxout,3NJP_BD_clean_Repair_29.pdb	1.21019	0.128806	-1.39951	0.381727	0.280748	-0.583185	0.653885	0.448651	0.877595	0.311868	0	0	0	-0.0643278	-0.106193	-0.00169156	0	9.9476e-14	0.175628	0	-2.62042e-10	0,True,False,True
D,48,LYS,D:LYS48,K,3,3,0.0335172501268391,0.20019958260157775,KD48A;,True,0.684765,Dif_3NJP_BD_clean_Repair.fxout,3NJP_BD_clean_Repair_26.pdb	0.684765	0.00218242	0	0.954318	0.134568	-0.931724	1.40112	-0.0406844	-0.648017	-0.0304	0	0	0	-0.136038	-0.294459	0.0287017	0	0	-0.0419006	0	-0.00735739	0,True,False,False
D,12,GLY,D:GLY12,G,3,3,0.0183916793505834,0.1872158812491425,GD12A;,True,2.88259,Dif_3NJP_BD_clean_Repair.fxout,3NJP_BD_clean_Repair_4.pdb	2.88259	0	0.0194282	-0.237623	-0.0157886	0.422886	-0.289806	1.37042	0.0154517	1.5858	0	0	0	0.0118237	0.31178	0	0	0	5.55112e-17	0	0	0,True,True,False
D,15,LEU,D:LEU15,L,3,3,0.0366818873668188,0.2029160886707036,LD15A;,True,2.50159,Dif_3NJP_BD_clean_Repair.fxout,3NJP_BD_clean_Repair_6.pdb	2.50159	0.21875	0.131789	1.49372	0.291527	-1.47608	2.28162	0.0186214	-0.802609	0.429052	0	0	0	-0.096983	-0.2937	9.52835e-11	0	0	4.41462e-10	0	0.0121807	0,True,True,False
D,46,ASP,D:ASP46,D,2,2,0.0281755091686598,0.10989997773940598,DD46A;,True,0.0177372,Dif_3NJP_BD_clean_Repair.fxout,3NJP_BD_clean_Repair_24.pdb	0.0177372	0.632037	0.646024	0.518806	2.45719	-2.39248	0.407899	-0.433172	-0.576226	-0.606059	0	0	0	-0.208356	-0.20477	-0.0322559	0	7.10543e-14	0.0653535	0	-0.46102	0,True,False,False
D,37,TYR,D:TYR37,Y,2,2,0.051258286361026,0.129714098468057,YD37A;,True,4.64586,Dif_3NJP_BD_clean_Repair.fxout,3NJP_BD_clean_Repair_16.pdb	4.64586	0.36623	1.74633	2.10847	1.97702	-2.88532	2.80001	-0.14473	-1.41969	0.605165	0	0	0	-0.0358007	-0.0796939	-0.0226918	0	5.68434e-14	-0.0418493	0	-0.40728	0,True,True,False
D,21,MET,D:MET21,M,1,1,0.0,0.0,MD21A;,True,1.74923,Dif_3NJP_BD_clean_Repair.fxout,3NJP_BD_clean_Repair_8.pdb	1.74923	0.241939	0.0151553	1.87621	-0.0186696	-1.64987	2.7009	0.0430812	-1.3159	-0.102807	0	0	0	-0.0409656	-0.0425705	9.52849e-11	0	0	4.41342e-10	0	0.000160722	0,True,True,False
D,50,TRP,D:TRP50,W,1,1,0.0,0.0,WD50A;,True,1.36519,Dif_3NJP_BD_clean_Repair.fxout,3NJP_BD_clean_Repair_28.pdb	1.36519	-0.0962743	-0.104075	0.416656	0.159094	-0.277124	0.714667	-0.0382085	0.0197544	0.580693	0	0	0	-0.00478435	-0.145138	-2.39044e-08	0	9.9476e-14	-0.00520588	0	-2.61856e-10	0,True,False,False
