AI_rank,ProteinMPNN_rank,peptide_sequence,sample_count,best_ProteinMPNN_score,mean_ProteinMPNN_score,best_global_score,min_hamming_vs_F0010,matches_F0010,matches_CF06,matches_CF02,valid_sequence,hamming_vs_F0010_recalc,mutations_vs_F0010,within_allowed_locality,seen_in_04c_local_dataset,seen_in_prior_CLEAR_space,ESM2_PLL_mean,ESM2_pseudo_perplexity,delta_ESM2_PLL_vs_F0010,component_ProteinMPNN,component_ESM2,component_frequency,component_locality,AI_integrated_score
1,1,TGPRNQYRDLP,34,1.2473,1.3001176470588236,1.5296,4,False,False,False,True,4,I1T+E3P+C5N+K11P,True,False,False,-3.172002662311901,23.855210481795652,0.06817789511247119,1.0,0.4049962626853073,1.0,0.0,0.6012490656713267
2,8,IGPRNQYRDLG,1,1.3662,1.3662,1.5476,3,False,False,False,True,3,E3P+C5N+K11G,True,False,False,-3.1719828735698354,23.854738421859263,0.06819768385453662,0.6661987647389106,0.4052149914233407,0.0,1.0,0.5511633772775084
3,5,IGPRNQYRDLN,2,1.3458,1.3748,1.5526,3,False,False,False,True,3,E3P+C5N+K11N,True,False,False,-3.1937221613797275,24.379001350476376,0.04645839604464452,0.7234699606962378,0.16492649947773258,0.030303030303030304,1.0,0.5143332191389105
4,15,IGPRHQYRDLP,1,1.4079,1.4079,1.5512,3,False,False,False,True,3,E3P+C5H+K11P,True,False,False,-3.1745930151505903,23.917083996504708,0.06558754227378172,0.5491297024143742,0.3763645990052998,0.0,1.0,0.5088300604756373
5,3,TGPRNQYRDLG,14,1.2572,1.3213428571428572,1.5397,4,False,False,False,True,4,I1T+E3P+C5N+K11G,True,False,False,-3.168259382247925,23.766080670974137,0.07192117517644725,0.972206625491297,0.4463714507489006,0.3939393939393939,0.0,0.4820427291224931
6,10,IGPRNQYRDLP,1,1.3881,1.3881,1.5462,3,False,False,False,True,3,E3P+C5N+K11P,True,False,False,-3.193340474909002,24.36969799108725,0.046840082515370085,0.6047164514317802,0.16914535279292506,0.0,1.0,0.4737012736277653
7,2,TGPRNQYRDLN,25,1.2479,1.305864,1.5373,4,False,False,False,True,4,I1T+E3P+C5N+K11N,True,False,False,-3.200398661873557,24.542312331313244,0.039781895550814905,0.9983155530600788,0.09112986689410105,0.7272727272727273,0.0,0.4677316780960944
8,4,VGPRNQYRDLP,3,1.2978,1.3145,1.5479,4,False,False,False,True,4,I1V+E3P+C5N+K11P,True,False,False,-3.1399891159751196,23.10361539702892,0.1001914414492524,0.8582257158899494,0.7588480925320822,0.06060606060606061,0.0,0.4593009500212175
9,12,VGPRNQYRDLG,1,1.3965,1.3965,1.5488,4,False,False,False,True,4,I1V+E3P+C5N+K11G,True,False,False,-3.1225531101226807,22.704272215894072,0.11762744730169139,0.5811341942728803,0.9515715887420603,0.0,0.0,0.41223315546737915
10,11,TGPRHQYRDLP,1,1.3882,1.3882,1.5575,4,False,False,False,True,4,I1T+E3P+C5H+K11P,True,False,False,-3.126105850393122,22.785078054190432,0.11407470703125,0.6044357102751261,0.9123024733356973,0.0,0.0,0.4094063314164621
11,20,IGPRNQYRDLT,1,1.5206,1.5206,1.56,3,False,False,False,True,3,E3P+C5N+K11T,True,False,False,-3.177331577647816,23.982672193477665,0.06284897977655612,0.23273441886580576,0.34609474571885934,0.0,1.0,0.4063440120894566
12,16,PGPRNQYRDLP,1,1.4235,1.4235,1.5437,4,False,False,False,True,4,I1P+E3P+C5N+K11P,True,False,False,-3.1181717135689477,22.605013400753855,0.12200884385542432,0.5053340819764178,1.0,0.0,0.0,0.4016002245929253
13,7,TGPRNQYRDLS,2,1.3576,1.36085,1.5393,4,False,False,False,True,4,I1T+E3P+C5N+K11S,True,False,False,-3.141671202399514,23.14251037803162,0.09850935502485791,0.6903425042111176,0.740255670656329,0.030303030303030304,0.0,0.3982272749880236
14,17,VGPRNQYRDLS,1,1.4355,1.4355,1.5287,4,False,False,False,True,4,I1V+E3P+C5N+K11S,True,False,False,-3.1182493513280694,22.6067684714682,0.1219312060963027,0.4716451431779899,0.9991418550496911,0.0,0.0,0.3912790067158197
15,9,TGPRNQYRDLT,2,1.3831,1.42255,1.5397,4,False,False,False,True,4,I1T+E3P+C5N+K11T,True,False,False,-3.161014686931263,23.5945248428444,0.07916587049310886,0.6187535092644583,0.5264484490144049,0.030303030303030304,0.0,0.3232987710935447
16,18,TGPRHQYRDLG,1,1.4523,1.4523,1.5488,4,False,False,False,True,4,I1T+E3P+C5H+K11G,True,False,False,-3.1396904425187544,23.096715990749804,0.10049011490561766,0.4244806288601911,0.762149387176221,0.0,0.0,0.3178815354521126
17,6,VGPRNQYRDLN,2,1.3525,1.376,1.5445,4,False,False,False,True,4,I1V+E3P+C5N+K11N,True,False,False,-3.1765683564272793,23.964375092390522,0.06361220099709275,0.7046603032004491,0.3545307753490564,0.030303030303030304,0.0,0.3060913908580049
18,13,TGPRNQYRDLA,1,1.4011,1.4011,1.548,4,False,False,False,True,4,I1T+E3P+C5N+K11A,True,False,False,-3.1782076142051,24.003691096379953,0.061972943219271936,0.5682201010668164,0.3364117466675632,0.0,0.0,0.2545689669869357
19,14,TGPRHQYRDLN,1,1.4039,1.4039,1.5463,4,False,False,False,True,4,I1T+E3P+C5H+K11N,True,False,False,-3.207901781255549,24.727148788506497,0.03227877616882324,0.5603593486805168,0.008196458175612365,0.0,0.0,0.17015691914805814
20,23,VGARNQYRDLN,1,1.6035,1.6035,1.5591,4,False,False,False,True,4,I1V+E3A+C5N+K11N,True,False,False,-3.1537571170113305,23.42390581772977,0.08642344041304151,0.0,0.606667752723926,0.0,0.0,0.1516669381809815
21,21,EGPRNQYRDLG,1,1.5682,1.5682,1.5529,4,False,False,False,True,4,I1E+E3P+C5N+K11G,True,False,False,-3.1780194369229404,23.999174571994605,0.06216112050143163,0.09910162829870832,0.33849170603624135,0.0,0.0,0.11435341499867283
22,19,DGPRNQYRDLP,1,1.5012,1.5012,1.5555,4,False,False,False,True,4,I1D+E3P+C5N+K11P,True,False,False,-3.2086433280598032,24.745491926976232,0.03153722936456882,0.28719820325659706,0.0,0.0,0.0,0.08615946097697912
23,22,EGPRNQYRDLP,1,1.6005,1.6005,1.5521,4,False,False,False,True,4,I1E+E3P+C5N+K11P,True,False,False,-3.2006488496607,24.548453286290723,0.039531707763671875,0.008422234699606661,0.0883644935938565,0.0,0.0,0.02461779380834612
